Time,Z-axis,Y-axis,X-axis,Battery,Celsius,EDA(uS),Event
44:58.5,-0.01,0.44,-0.8,-1,32.4,0.009,0
44:58.5,0.04,0.35,-0.95,-1,32.4,0.009,0
44:58.5,0.08,0.45,-0.89,-1,32.4,0.009,0
44:58.6,-0.06,0.35,-0.93,-1,32.4,0.021,0
44:58.6,-0.04,0.38,-0.88,-1,32.4,0.038,0
44:58.6,0,0.41,-0.84,-1,32.4,0.052,0
44:58.7,-0.02,0.42,-0.85,-1,32.4,0.071,0
44:58.7,-0.04,0.38,-0.85,-1,32.4,0.106,0
44:58.7,-0.06,0.4,-0.83,-1,32.4,0.14,0
44:58.8,-0.07,0.35,-0.86,-1,32.4,0.178,0
44:58.8,-0.05,0.36,-0.84,-1,32.4,0.213,0
44:58.8,-0.05,0.29,-0.84,-1,32.4,0.236,0
44:58.8,-0.08,0.29,-0.85,-1,32.4,0.255,0
44:58.9,-0.06,0.34,-0.86,-1,32.4,0.268,0
44:58.9,-0.05,0.26,-0.86,-1,32.4,0.273,0
44:58.9,-0.02,0.23,-0.87,-1,32.4,0.273,0
44:59.0,-0.09,0.3,-0.85,-1,32.4,0.261,0
44:59.0,-0.1,0.32,-0.86,-1,32.4,0.263,0
44:59.0,-0.15,0.35,-0.88,-1,32.4,0.273,0
44:59.1,-0.01,0.39,-1.04,-1,32.4,0.276,0
44:59.1,-0.1,0.28,-0.89,-1,32.4,0.283,0
44:59.1,-0.08,0.23,-0.91,-1,32.4,0.293,0
44:59.2,-0.06,0.2,-0.95,-1,32.4,0.303,0
44:59.2,-0.07,0.21,-0.93,-1,32.4,0.306,0
44:59.2,-0.19,0.2,-0.85,-1,32.4,0.313,0
44:59.3,-0.1,0.23,-0.91,-1,32.4,0.323,0
44:59.3,-0.09,0.28,-0.91,-1,32.4,0.336,0
44:59.3,-0.1,0.16,-0.94,-1,32.4,0.342,0
44:59.3,-0.07,0.15,-0.92,-1,32.4,0.347,0
44:59.4,-0.09,0.19,-0.94,-1,32.4,0.355,0
44:59.4,-0.09,0.12,-0.93,-1,32.4,0.355,0
44:59.4,-0.06,0.17,-0.91,-1,32.4,0.355,0
44:59.5,-0.12,0.13,-0.89,-1,32.4,0.355,0
44:59.5,-0.1,0.15,-0.92,-1,32.4,0.355,0
44:59.5,-0.07,0.15,-0.91,-1,32.4,0.358,0
44:59.6,-0.1,0.14,-0.95,-1,32.4,0.358,0
44:59.6,-0.08,0.19,-1,-1,32.4,0.358,0
44:59.6,-0.1,0.19,-0.98,-1,32.4,0.358,0
44:59.7,-0.08,0.12,-0.93,-1,32.4,0.358,0
44:59.7,-0.1,0.16,-0.96,-1,32.4,0.358,0
44:59.7,-0.09,0.17,-0.95,-1,32.4,0.355,0
44:59.8,-0.09,0.13,-0.92,-1,32.4,0.355,0
44:59.8,-0.06,0.17,-0.94,-1,32.4,0.358,0
44:59.8,-0.05,0.12,-0.95,-1,32.4,0.358,0
44:59.8,-0.06,0.08,-0.86,-1,32.4,0.358,0
44:59.9,-0.06,0.09,-0.91,-1,32.4,0.358,0
44:59.9,-0.06,0.15,-0.95,-1,32.4,0.358,0
44:59.9,-0.05,0.15,-0.92,-1,32.4,0.358,0
45:00.0,-0.11,0.11,-0.95,-1,32.4,0.363,0
45:00.0,-0.12,0.16,-0.96,-1,32.4,0.363,0
45:00.0,-0.07,0.14,-0.97,-1,32.4,0.363,0
45:00.1,-0.11,0.12,-0.92,-1,32.4,0.363,0
45:00.1,-0.09,0.11,-0.91,-1,32.4,0.368,0
45:00.1,-0.08,0.11,-0.96,-1,32.4,0.368,0
45:00.2,-0.08,0.11,-0.93,-1,32.4,0.363,0
45:00.2,-0.1,0.12,-0.9,-1,32.4,0.363,0
45:00.2,-0.08,0.14,-0.96,-1,32.4,0.363,0
45:00.3,-0.08,0.1,-0.92,-1,32.4,0.363,0
45:00.3,-0.11,0.09,-0.87,-1,32.4,0.363,0
45:00.3,-0.11,0.08,-0.95,-1,32.4,0.363,0
45:00.3,-0.05,0.06,-0.96,-1,32.4,0.363,0
45:00.4,-0.1,0.09,-0.94,-1,32.4,0.368,0
45:00.4,-0.1,0.11,-0.94,-1,32.4,0.368,0
45:00.4,-0.12,0.08,-0.96,-1,32.4,0.371,0
45:00.5,-0.08,0.07,-0.96,-1,32.4,0.371,0
45:00.5,-0.09,0.02,-0.91,-1,32.4,0.376,0
45:00.5,-0.13,0.02,-0.97,-1,32.4,0.379,0
45:00.6,-0.12,0.03,-0.94,-1,32.4,0.381,0
45:00.6,-0.1,0.01,-0.94,-1,32.4,0.387,0
45:00.6,-0.13,0,-0.95,-1,32.4,0.392,0
45:00.7,-0.11,0.03,-0.95,-1,32.4,0.392,0
45:00.7,-0.09,0.03,-0.96,-1,32.4,0.395,0
45:00.7,-0.13,0.03,-0.95,-1,32.4,0.395,0
45:00.8,-0.13,0.05,-0.92,-1,32.4,0.401,0
45:00.8,-0.12,-0.02,-0.93,-1,32.4,0.401,0
45:00.8,-0.12,0.05,-0.98,-1,32.4,0.401,0
45:00.8,-0.14,0.05,-0.95,-1,32.4,0.403,0
45:00.9,-0.12,0.01,-0.97,-1,32.4,0.406,0
45:00.9,-0.09,0.03,-0.93,-1,32.4,0.409,0
45:00.9,-0.09,0.05,-0.98,-1,32.4,0.409,0
45:01.0,-0.08,0.05,-0.89,-1,32.4,0.412,0
45:01.0,-0.08,0.11,-0.92,-1,32.4,0.412,0
45:01.0,-0.12,0.14,-0.92,-1,32.4,0.418,0
45:01.1,-0.19,0.17,-0.85,-1,32.4,0.418,0
45:01.1,-0.09,0.18,-0.88,-1,32.4,0.42,0
45:01.1,-0.04,0.17,-0.86,-1,32.4,0.423,0
45:01.2,-0.2,-0.03,-0.91,-1,32.6,0.426,0
45:01.2,-0.17,-0.12,-0.87,-1,32.6,0.429,0
45:01.2,-0.11,0.04,-0.94,-1,32.6,0.431,0
45:01.3,-0.16,0.21,-1.04,-1,32.6,0.431,0
45:01.3,-0.18,-0.03,-0.92,-1,32.6,0.431,0
45:01.3,-0.14,0.04,-0.99,-1,32.6,0.437,0
45:01.3,-0.17,0.1,-0.98,-1,32.6,0.437,0
45:01.4,-0.15,0.04,-0.95,-1,32.6,0.44,0
45:01.4,-0.15,0.11,-0.93,-1,32.6,0.442,0
45:01.4,-0.16,0.04,-0.95,-1,32.6,0.442,0
45:01.5,-0.15,0.09,-0.89,-1,32.6,0.442,0
45:01.5,-0.14,0.03,-0.92,-1,32.6,0.442,0
45:01.5,-0.13,0.16,-0.88,-1,32.6,0.442,0
45:01.6,-0.16,0.17,-0.93,-1,32.6,0.442,0
45:01.6,-0.19,0.21,-0.97,-1,32.6,0.442,0
45:01.6,-0.13,0.1,-0.87,-1,32.6,0.445,0
45:01.7,-0.24,0.33,-0.9,-1,32.6,0.442,0
45:01.7,-0.23,0.31,-0.85,-1,32.6,0.442,0
45:01.7,-0.27,0.27,-0.81,-1,32.6,0.442,0
45:01.8,-0.21,0.38,-0.77,-1,32.4,0.441,0
45:01.8,-0.24,0.3,-0.88,-1,32.4,0.445,0
45:01.8,-0.17,0.21,-0.9,-1,32.4,0.442,0
45:01.8,-0.2,0.35,-0.69,-1,32.4,0.442,0
45:01.9,-0.19,0.39,-0.72,-1,32.4,0.44,0
45:01.9,-0.39,0.54,-0.54,-1,32.4,0.44,0
45:01.9,-0.21,0.34,-0.62,-1,32.4,0.442,0
45:02.0,-0.25,0.7,-0.7,-1,32.4,0.442,0
45:02.0,-0.22,0.52,-0.52,-1,32.4,0.448,0
45:02.0,-0.1,0.72,-0.58,-1,32.4,0.448,0
45:02.1,-0.24,0.79,-0.61,-1,32.4,0.454,0
45:02.1,-0.21,0.73,-0.58,-1,32.4,0.465,0
45:02.1,-0.28,0.89,-0.64,-1,32.4,0.471,0
45:02.2,-0.25,1,-0.72,-1,32.4,0.477,0
45:02.2,-0.14,0.82,-0.62,-1,32.4,0.483,0
45:02.2,-0.05,0.35,-0.56,-1,32.4,0.485,0
45:02.2,-0.14,0.35,-0.56,-1,32.4,0.489,0
45:02.3,-0.19,0.4,-0.68,-1,32.4,0.489,0
45:02.3,-0.14,0.56,-0.86,-1,32.4,0.489,0
45:02.3,-0.18,0.5,-0.83,-1,32.4,0.489,0
45:02.4,-0.05,0.23,-0.81,-1,32.4,0.492,0
45:02.4,-0.2,0.31,-0.77,-1,32.4,0.492,0
45:02.4,-0.07,0.34,-0.84,-1,32.4,0.492,0
45:02.5,-0.22,0.44,-0.82,-1,32.4,0.469,0
45:02.5,-0.17,0.47,-0.77,-1,32.4,0.451,0
45:02.5,-0.19,0.58,-0.78,-1,32.4,0.448,0
45:02.6,-0.14,0.66,-0.73,-1,32.4,0.446,0
45:02.6,-0.13,0.78,-0.75,-1,32.4,0.442,0
45:02.6,-0.03,0.62,-0.68,-1,32.4,0.442,0
45:02.7,-0.23,0.47,-0.73,-1,32.4,0.448,0
45:02.7,0,0.37,-0.88,-1,32.4,0.448,0
45:02.7,-0.01,0.43,-0.82,-1,32.4,0.448,0
45:02.7,-0.26,0.38,-0.59,-1,32.4,0.442,0
45:02.8,-0.12,0.51,-0.76,-1,32.4,0.446,0
45:02.8,-0.18,0.69,-0.75,-1,32.4,0.445,0
45:02.8,-0.01,0.62,-0.68,-1,32.4,0.446,0
45:02.9,-0.04,0.62,-0.73,-1,32.4,0.429,0
45:02.9,0.17,0.6,-0.67,-1,32.4,0.423,0
45:02.9,0.04,0.82,-0.7,-1,32.4,0.42,0
45:03.0,-0.29,0.74,-0.63,-1,32.4,0.42,0
45:03.0,-0.18,0.62,-0.62,-1,32.4,0.425,0
45:03.0,-0.23,0.57,-0.53,-1,32.4,0.437,0
45:03.1,-0.38,0.66,-0.53,-1,32.4,0.448,0
45:03.1,-0.17,0.74,-0.68,-1,32.4,0.46,0
45:03.1,0.14,0.41,-0.72,-1,32.4,0.469,0
45:03.2,0.26,0.48,-0.71,-1,32.4,0.477,0
45:03.2,-0.13,0.82,-0.7,-1,32.4,0.483,0
45:03.2,-0.44,0.82,-0.59,-1,32.4,0.457,0
45:03.3,-0.43,0.61,-0.59,-1,32.4,0.46,0
45:03.3,0.12,0.39,-0.77,-1,32.4,0.469,0
45:03.3,0,0.58,-0.68,-1,32.4,0.477,0
45:03.3,-0.06,0.65,-0.68,-1,32.4,0.483,0
45:03.4,-0.12,0.56,-0.73,-1,32.4,0.483,0
45:03.4,-0.07,0.48,-0.72,-1,32.4,0.483,0
45:03.4,-0.15,0.59,-0.68,-1,32.4,0.483,0
45:03.5,-0.15,0.63,-0.73,-1,32.4,0.483,0
45:03.5,-0.14,0.5,-0.67,-1,32.4,0.483,0
45:03.5,-0.1,0.5,-0.71,-1,32.4,0.483,0
45:03.6,-0.13,0.51,-0.77,-1,32.4,0.489,0
45:03.6,-0.13,0.52,-0.72,-1,32.4,0.489,0
45:03.6,-0.11,0.51,-0.74,-1,32.4,0.492,0
45:03.7,-0.16,0.5,-0.72,-1,32.4,0.495,0
45:03.7,-0.1,0.55,-0.72,-1,32.4,0.498,0
45:03.7,-0.14,0.56,-0.72,-1,32.4,0.501,0
45:03.8,-0.12,0.59,-0.72,-1,32.4,0.501,0
45:03.8,-0.12,0.51,-0.74,-1,32.4,0.501,0
45:03.8,-0.04,0.48,-0.63,-1,32.4,0.501,0
45:03.8,-0.13,0.62,-0.58,-1,32.4,0.501,0
45:03.9,-0.12,0.69,-0.71,-1,32.4,0.501,0
45:03.9,-0.17,0.56,-0.97,-1,32.4,0.501,0
45:03.9,-0.12,0.48,-0.73,-1,32.4,0.498,0
45:04.0,-0.11,0.55,-0.86,-1,32.4,0.495,0
45:04.0,-0.16,0.45,-0.87,-1,32.4,0.495,0
45:04.0,-0.12,0.4,-0.77,-1,32.4,0.492,0
45:04.1,-0.14,0.41,-0.78,-1,32.4,0.492,0
45:04.1,-0.11,0.44,-0.8,-1,32.4,0.489,0
45:04.1,-0.14,0.45,-0.77,-1,32.4,0.492,0
45:04.2,-0.12,0.37,-0.82,-1,32.4,0.492,0
45:04.2,-0.12,0.43,-0.8,-1,32.4,0.492,0
45:04.2,-0.05,0.49,-0.82,-1,32.4,0.501,0
45:04.3,-0.04,0.46,-0.89,-1,32.4,0.507,0
45:04.3,-0.07,0.51,-0.84,-1,32.4,0.507,0
45:04.3,-0.09,0.5,-0.8,-1,32.4,0.513,0
45:04.3,-0.12,0.49,-0.77,-1,32.4,0.516,0
45:04.4,-0.18,0.5,-0.71,-1,32.4,0.519,0
45:04.4,-0.13,0.49,-0.73,-1,32.4,0.519,0
45:04.4,-0.1,0.5,-0.73,-1,32.4,0.521,0
45:04.5,-0.1,0.5,-0.7,-1,32.4,0.525,0
45:04.5,-0.08,0.38,-0.74,-1,32.4,0.525,0
45:04.5,-0.08,0.44,-0.77,-1,32.4,0.528,0
45:04.6,-0.07,0.44,-0.78,-1,32.4,0.528,0
45:04.6,-0.07,0.4,-0.82,-1,32.4,0.528,0
45:04.6,-0.1,0.48,-0.86,-1,32.4,0.531,0
45:04.7,-0.14,0.49,-0.84,-1,32.4,0.531,0
45:04.7,-0.03,0.42,-0.86,-1,32.4,0.531,0
45:04.7,-0.15,0.45,-0.86,-1,32.4,0.531,0
45:04.8,-0.11,0.46,-0.89,-1,32.4,0.531,0
45:04.8,-0.09,0.44,-0.84,-1,32.4,0.531,0
45:04.8,-0.12,0.47,-0.79,-1,32.4,0.535,0
45:04.8,-0.08,0.42,-0.82,-1,32.4,0.535,0
45:04.9,-0.03,0.4,-0.84,-1,32.4,0.535,0
45:04.9,-0.06,0.42,-0.79,-1,32.4,0.537,0
45:04.9,-0.09,0.41,-0.86,-1,32.4,0.537,0
45:05.0,-0.09,0.4,-0.78,-1,32.4,0.537,0
45:05.0,-0.15,0.45,-0.77,-1,32.4,0.537,0
45:05.0,-0.13,0.44,-0.82,-1,32.4,0.541,0
45:05.1,-0.08,0.44,-0.82,-1,32.4,0.541,0
45:05.1,-0.1,0.47,-0.84,-1,32.4,0.537,0
45:05.1,-0.12,0.43,-0.81,-1,32.4,0.537,0
45:05.2,-0.09,0.37,-0.82,-1,32.4,0.537,0
45:05.2,-0.08,0.38,-0.82,-1,32.4,0.537,0
45:05.2,-0.12,0.39,-0.78,-1,32.4,0.531,0
45:05.3,-0.11,0.41,-0.83,-1,32.4,0.531,0
45:05.3,-0.09,0.45,-0.84,-1,32.4,0.531,0
45:05.3,-0.09,0.44,-0.82,-1,32.4,0.531,0
45:05.3,-0.1,0.43,-0.84,-1,32.4,0.531,0
45:05.4,-0.12,0.4,-0.81,-1,32.4,0.531,0
45:05.4,-0.11,0.39,-0.81,-1,32.4,0.528,0
45:05.4,-0.11,0.42,-0.83,-1,32.4,0.528,0
45:05.5,-0.11,0.4,-0.83,-1,32.4,0.525,0
45:05.5,-0.1,0.41,-0.84,-1,32.4,0.525,0
45:05.5,-0.1,0.43,-0.86,-1,32.4,0.525,0
45:05.6,-0.12,0.4,-0.81,-1,32.4,0.525,0
45:05.6,-0.1,0.38,-0.82,-1,32.4,0.525,0
45:05.6,-0.12,0.42,-0.84,-1,32.4,0.525,0
45:05.7,-0.11,0.39,-0.83,-1,32.4,0.525,0
45:05.7,-0.11,0.37,-0.83,-1,32.2,0.521,0
45:05.7,-0.11,0.4,-0.85,-1,32.4,0.525,0
45:05.8,-0.12,0.38,-0.84,-1,32.4,0.525,0
45:05.8,-0.13,0.36,-0.84,-1,32.4,0.525,0
45:05.8,-0.1,0.37,-0.84,-1,32.4,0.525,0
45:05.8,-0.14,0.36,-0.85,-1,32.4,0.525,0
45:05.9,-0.14,0.35,-0.82,-1,32.4,0.525,0
45:05.9,-0.14,0.37,-0.86,-1,32.4,0.528,0
45:05.9,-0.13,0.35,-0.86,-1,32.4,0.531,0
45:06.0,-0.12,0.31,-0.84,-1,32.4,0.535,0
45:06.0,-0.15,0.34,-0.84,-1,32.4,0.537,0
45:06.0,-0.12,0.36,-0.85,-1,32.4,0.543,0
45:06.1,-0.13,0.39,-0.85,-1,32.4,0.543,0
45:06.1,-0.16,0.38,-0.86,-1,32.4,0.546,0
45:06.1,-0.15,0.35,-0.85,-1,32.4,0.546,0
45:06.2,-0.15,0.34,-0.87,-1,32.4,0.549,0
45:06.2,-0.15,0.35,-0.89,-1,32.4,0.549,0
45:06.2,-0.16,0.4,-0.83,-1,32.4,0.549,0
45:06.3,-0.17,0.39,-0.86,-1,32.4,0.549,0
45:06.3,-0.13,0.39,-0.8,-1,32.4,0.549,0
45:06.3,-0.15,0.45,-0.74,-1,32.4,0.549,0
45:06.3,-0.16,0.49,-0.85,-1,32.4,0.549,0
45:06.4,-0.15,0.44,-0.78,-1,32.4,0.549,0
45:06.4,-0.15,0.46,-0.84,-1,32.4,0.549,0
45:06.4,-0.14,0.39,-0.83,-1,32.4,0.553,0
45:06.5,-0.17,0.37,-0.78,-1,32.4,0.553,0
45:06.5,-0.2,0.43,-0.84,-1,32.4,0.556,0
45:06.5,-0.18,0.41,-0.79,-1,32.4,0.556,0
45:06.6,-0.17,0.41,-0.78,-1,32.4,0.556,0
45:06.6,-0.14,0.47,-0.81,-1,32.4,0.556,0
45:06.6,-0.18,0.42,-0.76,-1,32.4,0.556,0
45:06.7,-0.29,0.38,-0.71,-1,32.4,0.556,0
45:06.7,-0.17,0.4,-0.76,-1,32.4,0.556,0
45:06.7,-0.2,0.37,-0.68,-1,32.4,0.556,0
45:06.7,-0.22,0.44,-0.82,-1,32.4,0.556,0
45:06.8,-0.17,0.5,-1,-1,32.4,0.556,0
45:06.8,-0.17,0.36,-0.7,-1,32.4,0.556,0
45:06.8,-0.15,0.44,-0.93,-1,32.4,0.556,0
45:06.9,-0.15,0.41,-0.86,-1,32.4,0.556,0
45:06.9,-0.16,0.39,-0.87,-1,32.4,0.556,0
45:06.9,-0.16,0.43,-0.75,-1,32.4,0.556,0
45:07.0,-0.15,0.37,-0.91,-1,32.4,0.556,0
45:07.0,-0.17,0.43,-0.92,-1,32.4,0.556,0
45:07.0,-0.12,0.37,-0.84,-1,32.4,0.556,0
45:07.1,-0.13,0.38,-0.83,-1,32.4,0.556,0
45:07.1,-0.22,0.39,-0.85,-1,32.4,0.556,0
45:07.1,-0.2,0.45,-0.78,-1,32.4,0.553,0
45:07.2,-0.21,0.45,-0.79,-1,32.4,0.553,0
45:07.2,-0.19,0.42,-0.8,-1,32.4,0.553,0
45:07.2,-0.11,0.4,-0.75,-1,32.4,0.553,0
45:07.2,-0.16,0.42,-0.81,-1,32.4,0.553,0
45:07.3,-0.17,0.37,-0.86,-1,32.4,0.553,0
45:07.3,-0.12,0.39,-0.81,-1,32.4,0.553,0
45:07.3,-0.11,0.34,-0.83,-1,32.4,0.556,0
45:07.4,-0.2,0.45,-0.84,-1,32.4,0.556,0
45:07.4,-0.19,0.44,-0.81,-1,32.4,0.556,0
45:07.4,-0.18,0.39,-0.82,-1,32.4,0.562,0
45:07.5,-0.17,0.4,-0.83,-1,32.4,0.558,0
45:07.5,-0.17,0.38,-0.82,-1,32.4,0.562,0
45:07.5,-0.17,0.37,-0.82,-1,32.4,0.562,0
45:07.6,-0.16,0.37,-0.82,-1,32.4,0.558,0
45:07.6,-0.16,0.37,-0.81,-1,32.4,0.562,0
45:07.6,-0.17,0.37,-0.8,-1,32.4,0.562,0
45:07.7,-0.17,0.37,-0.81,-1,32.4,0.559,0
45:07.7,-0.17,0.37,-0.81,-1,32.4,0.556,0
45:07.7,-0.17,0.37,-0.82,-1,32.4,0.556,0
45:07.8,-0.18,0.39,-0.82,-1,32.2,0.556,0
45:07.8,-0.18,0.39,-0.82,-1,32.4,0.556,0
45:07.8,-0.18,0.39,-0.82,-1,32.4,0.556,0
45:07.8,-0.18,0.4,-0.83,-1,32.4,0.556,0
45:07.9,-0.17,0.4,-0.84,-1,32.4,0.556,0
45:07.9,-0.18,0.39,-0.83,-1,32.4,0.556,0
45:07.9,-0.18,0.4,-0.84,-1,32.4,0.556,0
45:08.0,-0.17,0.39,-0.83,-1,32.4,0.556,0
45:08.0,-0.18,0.4,-0.84,-1,32.4,0.556,0
45:08.0,-0.18,0.39,-0.83,-1,32.4,0.556,0
45:08.1,-0.18,0.39,-0.82,-1,32.4,0.556,0
45:08.1,-0.18,0.39,-0.83,-1,32.4,0.556,0
45:08.1,-0.17,0.39,-0.82,-1,32.4,0.556,0
45:08.2,-0.17,0.39,-0.82,-1,32.4,0.556,0
45:08.2,-0.18,0.39,-0.83,-1,32.4,0.556,0
45:08.2,-0.17,0.38,-0.81,-1,32.4,0.556,0
45:08.3,-0.17,0.38,-0.82,-1,32.4,0.556,0
45:08.3,-0.17,0.38,-0.82,-1,32.4,0.556,0
45:08.3,-0.17,0.39,-0.83,-1,32.4,0.556,0
45:08.3,-0.17,0.39,-0.82,-1,32.4,0.556,0
45:08.4,-0.18,0.4,-0.83,-1,32.4,0.556,0
45:08.4,-0.18,0.4,-0.84,-1,32.4,0.556,0
45:08.4,-0.18,0.4,-0.83,-1,32.4,0.556,0
45:08.5,-0.18,0.39,-0.81,-1,32.4,0.553,0
45:08.5,-0.18,0.38,-0.81,-1,32.4,0.553,0
45:08.5,-0.18,0.38,-0.83,-1,32.4,0.553,0
45:08.6,-0.18,0.38,-0.82,-1,32.4,0.553,0
45:08.6,-0.17,0.38,-0.82,-1,32.4,0.553,0
45:08.6,-0.17,0.39,-0.82,-1,32.4,0.549,0
45:08.7,-0.17,0.39,-0.82,-1,32.4,0.549,0
45:08.7,-0.18,0.38,-0.82,-1,32.4,0.549,0
45:08.7,-0.17,0.38,-0.82,-1,32.4,0.549,0
45:08.8,-0.17,0.4,-0.83,-1,32.4,0.549,0
45:08.8,-0.18,0.4,-0.84,-1,32.4,0.549,0
45:08.8,-0.18,0.39,-0.82,-1,32.4,0.549,0
45:08.8,-0.17,0.4,-0.83,-1,32.4,0.549,0
45:08.9,-0.18,0.39,-0.82,-1,32.4,0.549,0
45:08.9,-0.18,0.39,-0.83,-1,32.4,0.546,0
45:08.9,-0.18,0.39,-0.83,-1,32.4,0.546,0
45:09.0,-0.18,0.4,-0.84,-1,32.4,0.546,0
45:09.0,-0.17,0.4,-0.83,-1,32.4,0.546,0
45:09.0,-0.18,0.4,-0.82,-1,32.4,0.546,0
45:09.1,-0.18,0.41,-0.83,-1,32.4,0.546,0
45:09.1,-0.17,0.4,-0.82,-1,32.4,0.546,0
45:09.1,-0.17,0.41,-0.82,-1,32.4,0.546,0
45:09.2,-0.18,0.41,-0.82,-1,32.4,0.546,0
45:09.2,-0.19,0.41,-0.8,-1,32.4,0.546,0
45:09.2,-0.19,0.41,-0.8,-1,32.4,0.546,0
45:09.3,-0.19,0.4,-0.8,-1,32.4,0.546,0
45:09.3,-0.19,0.4,-0.82,-1,32.4,0.546,0
45:09.3,-0.19,0.39,-0.81,-1,32.2,0.546,0
45:09.3,-0.18,0.39,-0.82,-1,32.4,0.549,0
45:09.4,-0.19,0.39,-0.82,-1,32.4,0.549,0
45:09.4,-0.19,0.4,-0.81,-1,32.4,0.549,0
45:09.4,-0.19,0.4,-0.81,-1,32.4,0.549,0
45:09.5,-0.18,0.41,-0.81,-1,32.2,0.549,0
45:09.5,-0.19,0.41,-0.81,-1,32.4,0.549,0
45:09.5,-0.19,0.41,-0.81,-1,32.4,0.549,0
45:09.6,-0.19,0.42,-0.8,-1,32.2,0.549,0
45:09.6,-0.19,0.42,-0.81,-1,32.4,0.553,0
45:09.6,-0.18,0.42,-0.8,-1,32.4,0.549,0
45:09.7,-0.19,0.41,-0.82,-1,32.4,0.553,0
45:09.7,-0.19,0.4,-0.81,-1,32.4,0.553,0
45:09.7,-0.18,0.42,-0.81,-1,32.4,0.553,0
45:09.8,-0.18,0.39,-0.81,-1,32.4,0.556,0
45:09.8,-0.19,0.41,-0.82,-1,32.4,0.556,0
45:09.8,-0.19,0.39,-0.81,-1,32.4,0.556,0
45:09.8,-0.19,0.4,-0.81,-1,32.4,0.556,0
45:09.9,-0.19,0.41,-0.82,-1,32.4,0.556,0
45:09.9,-0.18,0.42,-0.82,-1,32.4,0.556,0
45:09.9,-0.19,0.4,-0.82,-1,32.4,0.556,0
45:10.0,-0.18,0.42,-0.81,-1,32.4,0.556,0
45:10.0,-0.18,0.41,-0.81,-1,32.4,0.556,0
45:10.0,-0.18,0.41,-0.81,-1,32.4,0.556,0
45:10.1,-0.18,0.41,-0.81,-1,32.4,0.556,0
45:10.1,-0.18,0.41,-0.81,-1,32.4,0.556,0
45:10.1,-0.19,0.41,-0.81,-1,32.4,0.556,0
45:10.2,-0.19,0.41,-0.81,-1,32.4,0.556,0
45:10.2,-0.18,0.4,-0.8,-1,32.4,0.556,0
45:10.2,-0.18,0.41,-0.82,-1,32.4,0.556,0
45:10.3,-0.18,0.4,-0.82,-1,32.4,0.556,0
45:10.3,-0.18,0.41,-0.82,-1,32.4,0.556,0
45:10.3,-0.17,0.41,-0.82,-1,32.4,0.556,0
45:10.3,-0.17,0.41,-0.82,-1,32.4,0.556,0
45:10.4,-0.17,0.4,-0.8,-1,32.4,0.556,0
45:10.4,-0.18,0.41,-0.81,-1,32.4,0.559,0
45:10.4,-0.18,0.42,-0.81,-1,32.4,0.556,0
45:10.5,-0.18,0.41,-0.81,-1,32.4,0.556,0
45:10.5,-0.17,0.41,-0.82,-1,32.2,0.556,0
45:10.5,-0.17,0.41,-0.82,-1,32.4,0.556,0
45:10.6,-0.18,0.41,-0.8,-1,32.4,0.556,0
45:10.6,-0.18,0.4,-0.81,-1,32.4,0.556,0
45:10.6,-0.17,0.4,-0.83,-1,32.4,0.556,0
45:10.7,-0.16,0.42,-0.83,-1,32.4,0.556,0
45:10.7,-0.17,0.4,-0.81,-1,32.4,0.556,0
45:10.7,-0.17,0.41,-0.82,-1,32.4,0.556,0
45:10.8,-0.17,0.42,-0.81,-1,32.4,0.556,0
45:10.8,-0.17,0.42,-0.81,-1,32.4,0.556,0
45:10.8,-0.16,0.42,-0.8,-1,32.4,0.556,0
45:10.8,-0.16,0.43,-0.8,-1,32.4,0.556,0
45:10.9,-0.16,0.42,-0.81,-1,32.4,0.556,0
45:10.9,-0.16,0.42,-0.81,-1,32.4,0.556,0
45:10.9,-0.15,0.42,-0.81,-1,32.4,0.556,0
45:11.0,-0.15,0.42,-0.8,-1,32.4,0.556,0
45:11.0,-0.14,0.41,-0.81,-1,32.4,0.556,0
45:11.0,-0.14,0.43,-0.8,-1,32.4,0.556,0
45:11.1,-0.15,0.45,-0.8,-1,32.4,0.556,0
45:11.1,-0.15,0.45,-0.8,-1,32.4,0.556,0
45:11.1,-0.14,0.45,-0.81,-1,32.4,0.556,0
45:11.2,-0.14,0.45,-0.79,-1,32.4,0.556,0
45:11.2,-0.13,0.44,-0.79,-1,32.4,0.556,0
45:11.2,-0.14,0.44,-0.8,-1,32.4,0.556,0
45:11.3,-0.13,0.43,-0.79,-1,32.4,0.556,0
45:11.3,-0.14,0.41,-0.78,-1,32.4,0.556,0
45:11.3,-0.14,0.42,-0.79,-1,32.4,0.556,0
45:11.3,-0.14,0.42,-0.8,-1,32.4,0.556,0
45:11.4,-0.14,0.42,-0.81,-1,32.4,0.556,0
45:11.4,-0.13,0.42,-0.82,-1,32.4,0.556,0
45:11.4,-0.13,0.43,-0.84,-1,32.4,0.556,0
45:11.5,-0.12,0.44,-0.84,-1,32.4,0.556,0
45:11.5,-0.1,0.46,-0.85,-1,32.4,0.556,0
45:11.5,-0.09,0.47,-0.84,-1,32.4,0.553,0
45:11.6,-0.08,0.47,-0.82,-1,32.4,0.553,0
45:11.6,-0.07,0.47,-0.8,-1,32.4,0.553,0
45:11.6,-0.06,0.47,-0.79,-1,32.4,0.553,0
45:11.7,-0.05,0.48,-0.78,-1,32.4,0.553,0
45:11.7,-0.05,0.47,-0.76,-1,32.4,0.549,0
45:11.7,-0.06,0.48,-0.76,-1,32.4,0.549,0
45:11.7,-0.07,0.49,-0.77,-1,32.4,0.549,0
45:11.8,-0.07,0.47,-0.76,-1,32.4,0.549,0
45:11.8,-0.06,0.48,-0.78,-1,32.4,0.549,0
45:11.8,-0.07,0.49,-0.81,-1,32.4,0.549,0
45:11.9,-0.07,0.47,-0.8,-1,32.2,0.549,0
45:11.9,-0.08,0.47,-0.79,-1,32.4,0.549,0
45:11.9,-0.08,0.47,-0.8,-1,32.4,0.549,0
45:12.0,-0.08,0.47,-0.79,-1,32.4,0.549,0
45:12.0,-0.08,0.46,-0.79,-1,32.4,0.546,0
45:12.0,-0.09,0.46,-0.79,-1,32.4,0.546,0
45:12.1,-0.08,0.46,-0.79,-1,32.4,0.543,0
45:12.1,-0.08,0.46,-0.81,-1,32.4,0.543,0
45:12.1,-0.08,0.47,-0.83,-1,32.4,0.543,0
45:12.2,-0.07,0.47,-0.81,-1,32.4,0.543,0
45:12.2,-0.08,0.47,-0.8,-1,32.4,0.543,0
45:12.2,-0.08,0.48,-0.8,-1,32.4,0.543,0
45:12.2,-0.08,0.48,-0.78,-1,32.4,0.539,0
45:12.3,-0.08,0.49,-0.79,-1,32.4,0.541,0
45:12.3,-0.07,0.48,-0.78,-1,32.4,0.537,0
45:12.3,-0.06,0.49,-0.77,-1,32.4,0.546,0
45:12.4,-0.07,0.48,-0.76,-1,32.4,0.549,0
45:12.4,-0.07,0.5,-0.77,-1,32.4,0.549,0
45:12.4,-0.06,0.52,-0.8,-1,32.4,0.549,0
45:12.5,-0.05,0.54,-0.85,-1,32.4,0.549,0
45:12.5,-0.03,0.57,-0.86,-1,32.4,0.549,0
45:12.5,-0.02,0.54,-0.8,-1,32.4,0.549,0
45:12.6,-0.02,0.51,-0.74,-1,32.4,0.549,0
45:12.6,-0.03,0.49,-0.72,-1,32.4,0.549,0
45:12.6,-0.02,0.46,-0.67,-1,32.4,0.546,0
45:12.7,-0.03,0.47,-0.69,-1,32.4,0.549,0
45:12.7,-0.04,0.48,-0.7,-1,32.4,0.549,0
45:12.7,-0.05,0.48,-0.73,-1,32.4,0.543,0
45:12.8,-0.06,0.48,-0.76,-1,32.4,0.546,0
45:12.8,-0.09,0.44,-0.74,-1,32.4,0.547,0
45:12.8,-0.11,0.42,-0.72,-1,32.2,0.543,0
45:12.8,-0.13,0.4,-0.7,-1,32.4,0.543,0
45:12.9,-0.13,0.37,-0.68,-1,32.4,0.543,0
45:12.9,-0.11,0.36,-0.69,-1,32.4,0.543,0
45:12.9,-0.07,0.35,-0.7,-1,32.4,0.543,0
45:13.0,-0.05,0.33,-0.68,-1,32.4,0.543,0
45:13.0,-0.03,0.29,-0.69,-1,32.4,0.543,0
45:13.0,0,0.26,-0.76,-1,32.4,0.539,0
45:13.1,0.05,0.22,-0.88,-1,32.4,0.543,0
45:13.1,0.09,0.17,-0.93,-1,32.4,0.543,0
45:13.1,0.16,0.2,-1.07,-1,32.2,0.543,0
45:13.2,0.28,0.32,-1.33,-1,32.4,0.543,0
45:13.2,0.35,0.33,-1.24,-1,32.4,0.543,0
45:13.2,0.37,0.31,-1.1,-1,32.4,0.543,0
45:13.3,0.33,0.31,-0.96,-1,32.4,0.543,0
45:13.3,0.24,0.26,-0.76,-1,32.4,0.541,0
45:13.3,0.2,0.21,-0.67,-1,32.4,0.541,0
45:13.3,0.18,0.13,-0.61,-1,32.2,0.537,0
45:13.4,0.17,0.11,-0.59,-1,32.4,0.537,0
45:13.4,0.19,0.09,-0.65,-1,32.4,0.537,0
45:13.4,0.22,0.16,-0.79,-1,32.4,0.537,0
45:13.5,0.26,0.18,-0.84,-1,32.4,0.537,0
45:13.5,0.3,0.11,-0.83,-1,32.4,0.537,0
45:13.5,0.3,0.12,-0.9,-1,32.2,0.537,0
45:13.6,0.32,0.16,-0.98,-1,32.4,0.537,0
45:13.6,0.36,0.13,-0.98,-1,32.4,0.537,0
45:13.6,0.41,0.1,-1.05,-1,32.4,0.537,0
45:13.7,0.51,0.11,-1.1,-1,32.4,0.537,0
45:13.7,0.65,0.11,-1.08,-1,32.2,0.537,0
45:13.7,0.71,0.14,-1.07,-1,32.4,0.537,0
45:13.8,0.72,0.14,-1,-1,32.2,0.537,0
45:13.8,0.72,0.14,-0.87,-1,32.4,0.535,0
45:13.8,0.68,0.17,-0.77,-1,32.4,0.531,0
45:13.8,0.65,0.2,-0.71,-1,32.4,0.531,0
45:13.9,0.64,0.21,-0.71,-1,32.4,0.531,0
45:13.9,0.64,0.2,-0.68,-1,32.4,0.531,0
45:13.9,0.64,0.2,-0.7,-1,32.4,0.528,0
45:14.0,0.63,0.2,-0.71,-1,32.4,0.528,0
45:14.0,0.62,0.17,-0.72,-1,32.4,0.528,0
45:14.0,0.62,0.14,-0.77,-1,32.4,0.528,0
45:14.1,0.61,0.14,-0.79,-1,32.4,0.528,0
45:14.1,0.58,0.12,-0.79,-1,32.4,0.528,0
45:14.1,0.56,0.11,-0.76,-1,32.4,0.525,0
45:14.2,0.53,0.09,-0.75,-1,32.4,0.525,0
45:14.2,0.52,0.08,-0.76,-1,32.4,0.528,0
45:14.2,0.53,0.08,-0.78,-1,32.4,0.525,0
45:14.3,0.55,0.07,-0.79,-1,32.4,0.525,0
45:14.3,0.57,0.06,-0.8,-1,32.4,0.528,0
45:14.3,0.58,0.08,-0.8,-1,32.4,0.525,0
45:14.3,0.58,0.08,-0.78,-1,32.4,0.525,0
45:14.4,0.58,0.08,-0.79,-1,32.4,0.525,0
45:14.4,0.6,0.08,-0.78,-1,32.4,0.525,0
45:14.4,0.6,0.08,-0.78,-1,32.4,0.525,0
45:14.5,0.6,0.09,-0.78,-1,32.4,0.525,0
45:14.5,0.61,0.1,-0.77,-1,32.4,0.525,0
45:14.5,0.61,0.11,-0.75,-1,32.2,0.525,0
45:14.6,0.61,0.12,-0.75,-1,32.4,0.525,0
45:14.6,0.6,0.13,-0.74,-1,32.4,0.522,0
45:14.6,0.61,0.11,-0.74,-1,32.4,0.519,0
45:14.7,0.61,0.11,-0.74,-1,32.4,0.522,0
45:14.7,0.61,0.1,-0.75,-1,32.4,0.519,0
45:14.7,0.61,0.09,-0.75,-1,32.4,0.519,0
45:14.8,0.62,0.08,-0.75,-1,32.4,0.519,0
45:14.8,0.63,0.08,-0.76,-1,32.4,0.519,0
45:14.8,0.62,0.08,-0.76,-1,32.4,0.519,0
45:14.8,0.62,0.08,-0.76,-1,32.4,0.519,0
45:14.9,0.62,0.09,-0.76,-1,32.4,0.519,0
45:14.9,0.62,0.1,-0.74,-1,32.4,0.519,0
45:14.9,0.62,0.09,-0.74,-1,32.4,0.519,0
45:15.0,0.62,0.1,-0.73,-1,32.4,0.519,0
45:15.0,0.63,0.11,-0.73,-1,32.4,0.516,0
45:15.0,0.63,0.1,-0.74,-1,32.4,0.516,0
45:15.1,0.63,0.11,-0.74,-1,32.4,0.516,0
45:15.1,0.64,0.12,-0.74,-1,32.4,0.513,0
45:15.1,0.63,0.11,-0.74,-1,32.4,0.513,0
45:15.2,0.63,0.1,-0.75,-1,32.4,0.513,0
45:15.2,0.63,0.1,-0.76,-1,32.4,0.516,0
45:15.2,0.63,0.1,-0.75,-1,32.4,0.513,0
45:15.3,0.61,0.09,-0.74,-1,32.4,0.513,0
45:15.3,0.6,0.1,-0.73,-1,32.4,0.513,0
45:15.3,0.59,0.1,-0.72,-1,32.4,0.513,0
45:15.3,0.59,0.12,-0.73,-1,32.4,0.516,0
45:15.4,0.6,0.11,-0.75,-1,32.4,0.513,0
45:15.4,0.61,0.12,-0.76,-1,32.4,0.513,0
45:15.4,0.62,0.11,-0.76,-1,32.4,0.513,0
45:15.5,0.61,0.1,-0.76,-1,32.4,0.51,0
45:15.5,0.62,0.09,-0.75,-1,32.4,0.51,0
45:15.5,0.62,0.1,-0.74,-1,32.4,0.51,0
45:15.6,0.62,0.1,-0.74,-1,32.4,0.51,0
45:15.6,0.62,0.11,-0.73,-1,32.4,0.51,0
45:15.6,0.62,0.12,-0.74,-1,32.4,0.51,0
45:15.7,0.61,0.14,-0.74,-1,32.4,0.51,0
45:15.7,0.61,0.14,-0.73,-1,32.4,0.51,0
45:15.7,0.61,0.13,-0.75,-1,32.4,0.51,0
45:15.8,0.61,0.13,-0.74,-1,32.4,0.51,0
45:15.8,0.61,0.15,-0.75,-1,32.4,0.507,0
45:15.8,0.61,0.13,-0.74,-1,32.4,0.51,0
45:15.8,0.62,0.12,-0.75,-1,32.4,0.507,0
45:15.9,0.62,0.11,-0.75,-1,32.4,0.507,0
45:15.9,0.62,0.11,-0.74,-1,32.4,0.51,0
45:15.9,0.61,0.11,-0.75,-1,32.4,0.507,0
45:16.0,0.61,0.12,-0.76,-1,32.2,0.507,0
45:16.0,0.6,0.13,-0.76,-1,32.2,0.507,0
45:16.0,0.6,0.12,-0.75,-1,32.4,0.507,0
45:16.1,0.59,0.13,-0.75,-1,32.4,0.507,0
45:16.1,0.59,0.14,-0.75,-1,32.4,0.507,0
45:16.1,0.59,0.12,-0.75,-1,32.4,0.507,0
45:16.2,0.59,0.12,-0.76,-1,32.2,0.507,0
45:16.2,0.6,0.12,-0.75,-1,32.4,0.507,0
45:16.2,0.6,0.11,-0.75,-1,32.2,0.507,0
45:16.2,0.6,0.12,-0.74,-1,32.4,0.507,0
45:16.3,0.61,0.12,-0.74,-1,32.4,0.507,0
45:16.3,0.61,0.12,-0.74,-1,32.4,0.507,0
45:16.3,0.61,0.12,-0.74,-1,32.4,0.504,0
45:16.4,0.62,0.11,-0.75,-1,32.2,0.504,0
45:16.4,0.62,0.11,-0.75,-1,32.4,0.507,0
45:16.4,0.61,0.12,-0.74,-1,32.4,0.504,0
45:16.5,0.61,0.14,-0.76,-1,32.4,0.507,0
45:16.5,0.6,0.14,-0.76,-1,32.4,0.503,0
45:16.5,0.59,0.15,-0.74,-1,32.4,0.504,0
45:16.6,0.59,0.16,-0.75,-1,32.4,0.504,0
45:16.6,0.6,0.15,-0.77,-1,32.2,0.501,0
45:16.6,0.58,0.14,-0.76,-1,32.4,0.504,0
45:16.7,0.58,0.12,-0.75,-1,32.4,0.504,0
45:16.7,0.56,0.11,-0.74,-1,32.4,0.501,0
45:16.7,0.56,0.13,-0.74,-1,32.4,0.501,0
45:16.7,0.55,0.13,-0.76,-1,32.4,0.501,0
45:16.8,0.56,0.13,-0.75,-1,32.4,0.501,0
45:16.8,0.56,0.12,-0.77,-1,32.4,0.501,0
45:16.8,0.56,0.12,-0.77,-1,32.4,0.501,0
45:16.9,0.56,0.13,-0.76,-1,32.2,0.501,0
45:16.9,0.58,0.14,-0.8,-1,32.4,0.498,0
45:16.9,0.58,0.14,-0.81,-1,32.4,0.501,0
45:17.0,0.58,0.17,-0.83,-1,32.4,0.498,0
45:17.0,0.58,0.12,-0.82,-1,32.4,0.501,0
45:17.0,0.58,0.08,-0.79,-1,32.4,0.501,0
45:17.1,0.56,0.11,-0.78,-1,32.4,0.498,0
45:17.1,0.55,0.15,-0.79,-1,32.4,0.498,0
45:17.1,0.55,0.14,-0.76,-1,32.4,0.498,0
45:17.2,0.55,0.15,-0.74,-1,32.4,0.498,0
45:17.2,0.54,0.16,-0.74,-1,32.4,0.498,0
45:17.2,0.53,0.16,-0.74,-1,32.2,0.498,0
45:17.3,0.54,0.15,-0.75,-1,32.4,0.498,0
45:17.3,0.55,0.16,-0.78,-1,32.4,0.498,0
45:17.3,0.55,0.17,-0.8,-1,32.4,0.495,0
45:17.3,0.56,0.16,-0.8,-1,32.4,0.495,0
45:17.4,0.54,0.17,-0.79,-1,32.4,0.495,0
45:17.4,0.54,0.16,-0.8,-1,32.4,0.495,0
45:17.4,0.54,0.16,-0.8,-1,32.4,0.495,0
45:17.5,0.53,0.16,-0.79,-1,32.4,0.495,0
45:17.5,0.52,0.16,-0.79,-1,32.4,0.495,0
45:17.5,0.5,0.16,-0.78,-1,32.4,0.495,0
45:17.6,0.49,0.17,-0.75,-1,32.4,0.495,0
45:17.6,0.44,0.23,-0.77,-1,32.4,0.492,0
45:17.6,0.37,0.28,-0.78,-1,32.2,0.492,0
45:17.7,0.25,0.3,-0.79,-1,32.4,0.495,0
45:17.7,0.1,0.33,-0.65,-1,32.4,0.492,0
45:17.7,-0.06,0.53,-0.5,-1,32.4,0.492,0
45:17.8,-0.12,0.94,-0.41,-1,32.2,0.492,0
45:17.8,-0.08,1.37,-0.22,-1,32.4,0.492,0
45:17.8,0.02,1.32,-0.01,-1,32.4,0.492,0
45:17.8,0.12,1.39,-0.01,-1,32.4,0.495,0
45:17.9,0.27,1.08,-0.1,-1,32.4,0.492,0
45:17.9,0.48,0.6,0.12,-1,32.4,0.492,0
45:17.9,0.79,0.7,0.33,-1,32.4,0.492,0
45:18.0,1,0.87,0.22,-1,32.4,0.492,0
45:18.0,1.02,0.96,0.13,-1,32.4,0.489,0
45:18.0,1,0.7,0.28,-1,32.2,0.489,0
45:18.1,0.92,0.62,0.4,-1,32.4,0.489,0
45:18.1,0.81,0.54,0.35,-1,32.4,0.486,0
45:18.1,0.71,0.23,0.45,-1,32.4,0.486,0
45:18.2,0.65,0.32,0.59,-1,32.4,0.483,0
45:18.2,0.67,0.38,0.68,-1,32.4,0.483,0
45:18.2,0.64,0.35,0.63,-1,32.4,0.483,0
45:18.3,0.65,0.49,0.76,-1,32.4,0.483,0
45:18.3,0.64,0.41,0.48,-1,32.4,0.483,0
45:18.3,0.68,0.37,0.74,-1,32.4,0.481,0
45:18.3,0.37,-0.22,-0.88,-1,32.4,0.477,0
45:18.4,1.04,1.12,2.02,-1,32.4,0.475,0
45:18.4,0.53,0.23,0.98,-1,32.4,0.471,0
45:18.4,0.56,0,0.42,-1,32.4,0.471,0
45:18.5,0.59,0.26,0.84,-1,32.2,0.471,0
45:18.5,0.5,0.36,0.79,-1,32.4,0.469,0
45:18.5,0.45,0.31,0.35,-1,32.4,0.469,0
45:18.6,0.45,0.01,0.37,-1,32.4,0.469,0
45:18.6,0.51,0.11,0.35,-1,32.2,0.469,0
45:18.6,1.35,1.67,2.82,-1,32.4,0.469,0
45:18.7,0.33,0.15,0.48,-1,32.4,0.469,0
45:18.7,0.52,-0.02,0.41,-1,32.4,0.469,0
45:18.7,0.6,0.4,0.81,-1,32.4,0.469,0
45:18.8,0.55,0.49,0.95,-1,32.2,0.469,0
45:18.8,0.38,0.13,0.48,-1,32.4,0.469,0
45:18.8,0.49,0.24,0.47,-1,32.2,0.469,0
45:18.8,0.41,0.02,0.47,-1,32.4,0.469,0
45:18.9,-0.08,-1.07,1.84,-1,32.4,0.469,0
45:18.9,0.72,0.81,2.41,-1,32.2,0.471,0
45:18.9,0.33,-0.1,0.48,-1,32.2,0.469,0
45:19.0,0.56,-0.05,0.29,-1,32.4,0.471,0
45:19.0,0.64,0.49,1.01,-1,32.4,0.471,0
45:19.0,0.41,0.26,0.66,-1,32.2,0.471,0
45:19.1,0.39,-0.03,0.39,-1,32.4,0.469,0
45:19.1,0.46,0.11,0.38,-1,32.4,0.469,0
45:19.1,-0.49,-0.68,3.22,-1,32.4,0.469,0
45:19.2,0.62,0.01,2.22,-1,32.4,0.471,0
45:19.2,0.63,0,0.21,-1,32.4,0.469,0
45:19.2,0.82,0.5,0.09,-1,32.4,0.469,0
45:19.3,0.8,0.49,0.37,-1,32.2,0.469,0
45:19.3,0.75,0.53,0.21,-1,32.4,0.469,0
45:19.3,0.67,0.54,0.05,-1,32.4,0.469,0
45:19.3,0.64,0.39,0.09,-1,32.4,0.465,0
45:19.4,0.6,0.48,0.09,-1,32.4,0.465,0
45:19.4,0.62,0.64,0.03,-1,32.4,0.465,0
45:19.4,0.64,0.72,0.01,-1,32.6,0.466,0
45:19.5,0.74,0.83,0.07,-1,32.6,0.466,0
45:19.5,0.81,0.94,0.04,-1,32.6,0.465,0
45:19.5,0.83,0.9,0.06,-1,32.6,0.469,0
45:19.6,0.84,0.84,0.07,-1,32.6,0.465,0
45:19.6,0.81,0.85,0.04,-1,32.6,0.469,0
45:19.6,0.79,0.86,0.06,-1,32.6,0.469,0
45:19.7,0.78,0.85,0.06,-1,32.6,0.469,0
45:19.7,0.76,0.81,0.05,-1,32.6,0.469,0
45:19.7,0.74,0.77,0.04,-1,32.6,0.469,0
45:19.8,0.76,0.76,0.01,-1,32.6,0.469,0
45:19.8,0.81,0.87,0.05,-1,32.6,0.469,0
45:19.8,0.91,1.23,-0.02,-1,32.6,0.469,0
45:19.8,1.07,1.54,0.1,-1,32.6,0.469,0
45:19.9,1.21,1.54,0.1,-1,32.6,0.471,0
45:19.9,1.13,1,-0.25,-1,32.4,0.468,0
45:19.9,0.89,0.26,-0.3,-1,32.6,0.469,0
45:20.0,0.61,-0.05,-0.31,-1,32.6,0.471,0
45:20.0,0.57,-0.13,-0.27,-1,32.6,0.471,0
45:20.0,0.53,-0.3,-0.14,-1,32.6,0.471,0
45:20.1,0.5,-0.35,-0.15,-1,32.6,0.471,0
45:20.1,0.5,-0.41,-0.56,-1,32.4,0.47,0
45:20.1,0.58,-0.17,-0.9,-1,32.4,0.471,0
45:20.2,0.62,-0.15,-0.95,-1,32.4,0.471,0
45:20.2,0.6,0.15,-0.99,-1,32.4,0.471,0
45:20.2,0.47,0.08,-0.96,-1,32.4,0.477,0
45:20.3,0.38,0.12,-0.89,-1,32.4,0.477,0
45:20.3,0.34,0.1,-0.81,-1,32.2,0.477,0
45:20.3,0.35,0.06,-0.82,-1,32.4,0.477,0
45:20.3,0.34,0.1,-0.84,-1,32.2,0.477,0
45:20.4,0.38,0.16,-0.88,-1,32.4,0.481,0
45:20.4,0.38,0.12,-0.88,-1,32.4,0.479,0
45:20.4,0.39,0.14,-0.92,-1,32.4,0.483,0
45:20.5,0.41,0.17,-0.87,-1,32.4,0.483,0
45:20.5,0.43,0.19,-0.83,-1,32.2,0.483,0
45:20.5,0.43,0.37,-0.89,-1,32.4,0.483,0
45:20.6,0.41,0.38,-0.9,-1,32.4,0.483,0
45:20.6,0.4,0.31,-0.82,-1,32.2,0.483,0
45:20.6,0.4,0.34,-0.81,-1,32.4,0.485,0
45:20.7,0.36,0.3,-0.87,-1,32.4,0.486,0
45:20.7,0.3,0.16,-0.91,-1,32.4,0.489,0
45:20.7,0.18,0.06,-0.79,-1,32.4,0.489,0
45:20.8,-0.01,-0.06,0.22,-1,32.4,0.489,0
45:20.8,0.09,1.52,1.56,-1,32.4,0.489,0
45:20.8,-0.14,1.67,1.1,-1,32.4,0.489,0
45:20.8,0.34,2,0.21,-1,32.4,0.495,0
45:20.9,0.46,0.78,0.66,-1,32.4,0.495,0
45:20.9,0.65,0.23,0.8,-1,32.2,0.501,0
45:20.9,0.81,0.62,0.73,-1,32.4,0.501,0
45:21.0,0.89,0.97,0.21,-1,32.4,0.501,0
45:21.0,0.99,0.76,0.34,-1,32.4,0.501,0
45:21.0,0.95,0.55,0.46,-1,32.4,0.504,0
45:21.1,0.74,0.58,0.38,-1,32.4,0.503,0
45:21.1,0.64,0.5,0.47,-1,32.4,0.507,0
45:21.1,0.62,0.49,0.53,-1,32.4,0.507,0
45:21.2,0.64,0.37,0.65,-1,32.4,0.507,0
45:21.2,0.69,0.51,0.74,-1,32.4,0.51,0
45:21.2,0.59,0.58,0.66,-1,32.4,0.51,0
45:21.2,0.47,0.4,0.49,-1,32.4,0.513,0
45:21.3,0.47,0.26,0.64,-1,32.4,0.513,0
45:21.3,0.49,0.29,0.61,-1,32.4,0.513,0
45:21.3,0.49,0.3,0.75,-1,32.4,0.515,0
45:21.4,0.49,0.19,0.66,-1,32.4,0.519,0
45:21.4,0.55,0.24,0.62,-1,32.4,0.519,0
45:21.4,0.61,0.3,0.74,-1,32.4,0.521,0
45:21.5,1,1.76,1.62,-1,32.4,0.525,0
45:21.5,0.6,0.3,0.65,-1,32.2,0.525,0
45:21.5,0.39,-0.34,0.44,-1,32.4,0.525,0
45:21.6,0.49,0.03,0.41,-1,32.4,0.525,0
45:21.6,0.49,0.17,0.63,-1,32.4,0.525,0
45:21.6,1.65,2.67,2.17,-1,32.4,0.525,0
45:21.7,0.09,-0.53,-0.03,-1,32.2,0.525,0
45:21.7,0.86,0.95,0.75,-1,32.2,0.525,0
45:21.7,0.92,1.09,1.46,-1,32.4,0.528,0
45:21.7,0.81,0.64,0.2,-1,32.2,0.528,0
45:21.8,1,0.79,0.73,-1,32.2,0.525,0
45:21.8,0.87,1.06,0.28,-1,32.4,0.528,0
45:21.8,0.53,0.73,0.08,-1,32.4,0.531,0
45:21.9,0.34,0.47,0.09,-1,32.4,0.531,0
45:21.9,0.25,-0.1,0.09,-1,32.4,0.531,0
45:21.9,0.24,0.06,-0.09,-1,32.4,0.535,0
45:22.0,0.3,0.69,-0.42,-1,32.4,0.537,0
45:22.0,0.42,0.77,-0.41,-1,32.4,0.537,0
45:22.0,0.5,0.8,-0.33,-1,32.4,0.537,0
45:22.1,0.5,0.81,-0.4,-1,32.4,0.537,0
45:22.1,0.51,0.75,-0.45,-1,32.4,0.537,0
45:22.1,0.54,0.82,-0.44,-1,32.4,0.537,0
45:22.2,0.57,0.81,-0.46,-1,32.4,0.537,0
45:22.2,0.59,0.77,-0.49,-1,32.4,0.539,0
45:22.2,0.61,0.76,-0.44,-1,32.4,0.541,0
45:22.3,0.6,0.71,-0.43,-1,32.4,0.541,0
45:22.3,0.59,0.7,-0.47,-1,32.4,0.537,0
45:22.3,0.6,0.76,-0.46,-1,32.2,0.539,0
45:22.3,0.61,0.68,-0.47,-1,32.4,0.537,0
45:22.4,0.62,0.59,-0.47,-1,32.4,0.541,0
45:22.4,0.64,0.56,-0.46,-1,32.2,0.543,0
45:22.4,0.66,0.54,-0.5,-1,32.4,0.539,0
45:22.5,0.68,0.5,-0.5,-1,32.4,0.539,0
45:22.5,0.67,0.47,-0.47,-1,32.4,0.543,0
45:22.5,0.68,0.5,-0.44,-1,32.4,0.543,0
45:22.6,0.68,0.49,-0.47,-1,32.4,0.543,0
45:22.6,0.68,0.47,-0.49,-1,32.4,0.543,0
45:22.6,0.7,0.43,-0.5,-1,32.4,0.543,0
45:22.7,0.72,0.41,-0.52,-1,32.4,0.543,0
45:22.7,0.72,0.36,-0.51,-1,32.2,0.546,0
45:22.7,0.74,0.34,-0.51,-1,32.4,0.546,0
45:22.8,0.75,0.35,-0.51,-1,32.4,0.549,0
45:22.8,0.75,0.35,-0.52,-1,32.4,0.549,0
45:22.8,0.75,0.35,-0.5,-1,32.4,0.549,0
45:22.8,0.75,0.33,-0.51,-1,32.4,0.549,0
45:22.9,0.76,0.32,-0.5,-1,32.4,0.549,0
45:22.9,0.77,0.33,-0.51,-1,32.4,0.549,0
45:22.9,0.79,0.31,-0.52,-1,32.4,0.549,0
45:23.0,0.81,0.3,-0.52,-1,32.2,0.549,0
45:23.0,0.84,0.29,-0.52,-1,32.4,0.549,0
45:23.0,0.88,0.27,-0.51,-1,32.4,0.549,0
45:23.1,0.9,0.27,-0.52,-1,32.4,0.549,0
45:23.1,0.91,0.26,-0.5,-1,32.2,0.549,0
45:23.1,0.91,0.26,-0.49,-1,32.4,0.549,0
45:23.2,0.94,0.27,-0.47,-1,32.4,0.546,0
45:23.2,0.96,0.27,-0.45,-1,32.2,0.546,0
45:23.2,0.96,0.28,-0.44,-1,32.2,0.549,0
45:23.3,0.97,0.27,-0.42,-1,32.4,0.546,0
45:23.3,0.95,0.25,-0.39,-1,32.2,0.546,0
45:23.3,0.96,0.24,-0.35,-1,32.4,0.546,0
45:23.3,0.96,0.24,-0.33,-1,32.4,0.546,0
45:23.4,0.97,0.25,-0.33,-1,32.2,0.546,0
45:23.4,0.96,0.27,-0.31,-1,32.4,0.546,0
45:23.4,0.97,0.28,-0.29,-1,32.2,0.543,0
45:23.5,0.98,0.28,-0.28,-1,32.4,0.546,0
45:23.5,0.99,0.28,-0.27,-1,32.4,0.546,0
45:23.5,0.99,0.27,-0.26,-1,32.4,0.546,0
45:23.6,0.98,0.27,-0.24,-1,32.2,0.543,0
45:23.6,0.99,0.25,-0.21,-1,32.4,0.543,0
45:23.6,0.99,0.24,-0.2,-1,32.4,0.546,0
45:23.7,0.99,0.24,-0.19,-1,32.4,0.543,0
45:23.7,0.98,0.23,-0.16,-1,32.4,0.546,0
45:23.7,0.97,0.23,-0.15,-1,32.4,0.546,0
45:23.8,0.99,0.22,-0.14,-1,32.4,0.546,0
45:23.8,1,0.21,-0.12,-1,32.2,0.543,0
45:23.8,1.02,0.2,-0.11,-1,32.2,0.549,0
45:23.8,1,0.21,-0.09,-1,32.4,0.546,0
45:23.9,0.96,0.19,-0.06,-1,32.4,0.549,0
45:23.9,0.89,0.19,-0.03,-1,32.2,0.546,0
45:23.9,0.86,0.17,0,-1,32.4,0.546,0
45:24.0,0.83,0.17,0,-1,32.4,0.546,0
45:24.0,0.81,0.21,0,-1,32.4,0.546,0
45:24.0,0.82,0.29,0,-1,32.4,0.549,0
45:24.1,0.85,0.37,0,-1,32.4,0.549,0
45:24.1,0.89,0.41,-0.01,-1,32.4,0.546,0
45:24.1,0.9,0.41,-0.02,-1,32.4,0.549,0
45:24.2,0.91,0.46,-0.01,-1,32.4,0.549,0
45:24.2,0.96,0.51,-0.01,-1,32.4,0.546,0
45:24.2,1,0.54,-0.01,-1,32.2,0.549,0
45:24.3,1.04,0.58,-0.02,-1,32.4,0.549,0
45:24.3,1.01,0.6,-0.05,-1,32.4,0.549,0
45:24.3,0.97,0.59,-0.07,-1,32.4,0.549,0
45:24.3,1,0.63,-0.1,-1,32.4,0.549,0
45:24.4,1.03,0.67,-0.14,-1,32.2,0.549,0
45:24.4,0.99,0.71,-0.19,-1,32.4,0.549,0
45:24.4,0.89,0.73,-0.22,-1,32.4,0.549,0
45:24.5,0.76,0.63,-0.19,-1,32.4,0.549,0
45:24.5,0.68,0.55,-0.2,-1,32.4,0.549,0
45:24.5,0.61,0.45,-0.21,-1,32.2,0.549,0
45:24.6,0.6,0.44,-0.23,-1,32.4,0.549,0
45:24.6,0.63,0.48,-0.26,-1,32.4,0.553,0
45:24.6,0.69,0.49,-0.28,-1,32.4,0.556,0
45:24.7,0.75,0.54,-0.33,-1,32.4,0.556,0
45:24.7,0.75,0.59,-0.36,-1,32.4,0.559,0
45:24.7,0.73,0.57,-0.31,-1,32.2,0.562,0
45:24.8,0.7,0.52,-0.24,-1,32.4,0.562,0
45:24.8,0.68,0.52,-0.17,-1,32.4,0.562,0
45:24.8,0.69,0.61,-0.1,-1,32.4,0.562,0
45:24.8,0.71,0.7,0,-1,32.2,0.562,0
45:24.9,0.73,0.75,0.05,-1,32.4,0.562,0
45:24.9,0.72,0.73,0.09,-1,32.2,0.562,0
45:24.9,0.73,0.68,0.1,-1,32.4,0.562,0
45:25.0,0.76,0.62,0.11,-1,32.2,0.562,0
45:25.0,0.81,0.57,0.1,-1,32.4,0.562,0
45:25.0,0.85,0.51,0.05,-1,32.4,0.562,0
45:25.1,0.91,0.47,0.04,-1,32.4,0.562,0
45:25.1,0.94,0.44,0.05,-1,32.4,0.562,0
45:25.1,0.89,0.41,0.07,-1,32.4,0.562,0
45:25.2,0.87,0.39,0.06,-1,32.4,0.562,0
45:25.2,0.89,0.41,0.02,-1,32.4,0.562,0
45:25.2,0.94,0.41,0,-1,32.4,0.562,0
45:25.3,0.96,0.45,0.05,-1,32.4,0.562,0
45:25.3,0.96,0.48,0.07,-1,32.4,0.562,0
45:25.3,0.92,0.52,0.04,-1,32.4,0.562,0
45:25.3,0.91,0.54,0,-1,32.4,0.562,0
45:25.4,0.93,0.53,-0.02,-1,32.4,0.562,0
45:25.4,0.98,0.52,0,-1,32.4,0.562,0
45:25.4,1.01,0.49,0,-1,32.4,0.562,0
45:25.5,1.01,0.43,-0.02,-1,32.4,0.562,0
45:25.5,1,0.38,-0.02,-1,32.2,0.562,0
45:25.5,1.04,0.37,-0.01,-1,32.2,0.564,0
45:25.6,1.13,0.36,-0.01,-1,32.4,0.564,0
45:25.6,1.23,0.34,-0.01,-1,32.2,0.568,0
45:25.6,1.27,0.31,0,-1,32.4,0.568,0
45:25.7,1.1,0.31,0.04,-1,32.4,0.568,0
45:25.7,0.95,0.27,0.07,-1,32.4,0.568,0
45:25.7,0.88,0.26,0.04,-1,32.4,0.568,0
45:25.7,0.86,0.23,0.06,-1,32.4,0.572,0
45:25.8,0.82,0.21,0.09,-1,32.4,0.574,0
45:25.8,0.73,0.24,0.09,-1,32.4,0.574,0
45:25.8,0.69,0.27,0.11,-1,32.4,0.578,0
45:25.9,0.72,0.33,0.12,-1,32.4,0.577,0
45:25.9,0.79,0.41,0.12,-1,32.2,0.581,0
45:25.9,0.89,0.47,0.09,-1,32.4,0.583,0
45:26.0,1,0.51,0.09,-1,32.4,0.587,0
45:26.0,1.08,0.55,0.1,-1,32.4,0.587,0
45:26.0,1.12,0.58,0.12,-1,32.2,0.587,0
45:26.1,1.14,0.62,0.15,-1,32.2,0.587,0
45:26.1,1.12,0.63,0.13,-1,32.4,0.591,0
45:26.1,1.09,0.59,0.09,-1,32.4,0.594,0
45:26.2,1.03,0.52,0.07,-1,32.4,0.598,0
45:26.2,1,0.49,0.07,-1,32.4,0.6,0
45:26.2,0.95,0.43,0.06,-1,32.4,0.606,0
45:26.2,0.94,0.38,0.05,-1,32.4,0.606,0
45:26.3,0.95,0.36,0.03,-1,32.4,0.609,0
45:26.3,0.93,0.34,0,-1,32.4,0.613,0
45:26.3,0.91,0.32,0.01,-1,32.2,0.613,0
45:26.4,0.94,0.32,0.01,-1,32.4,0.62,0
45:26.4,0.95,0.31,0.03,-1,32.4,0.62,0
45:26.4,0.94,0.28,0.01,-1,32.4,0.622,0
45:26.5,0.96,0.29,0.07,-1,32.2,0.626,0
45:26.5,0.92,0.28,0.04,-1,32.4,0.626,0
45:26.5,0.9,0.28,0.06,-1,32.2,0.633,0
45:26.6,0.89,0.29,0.09,-1,32.4,0.633,0
45:26.6,0.89,0.31,0.09,-1,32.4,0.633,0
45:26.6,0.88,0.34,0.1,-1,32.4,0.637,0
45:26.7,0.91,0.36,0.12,-1,32.4,0.637,0
45:26.7,0.99,0.39,0.09,-1,32.4,0.639,0
45:26.7,1,0.39,0,-1,32.4,0.639,0
45:26.8,0.99,0.39,0.01,-1,32.4,0.646,0
45:26.8,0.94,0.36,0.09,-1,32.4,0.646,0
45:26.8,0.94,0.37,0.1,-1,32.4,0.653,0
45:26.8,0.96,0.44,0.13,-1,32.4,0.653,0
45:26.9,0.96,0.49,0.11,-1,32.4,0.653,0
45:26.9,0.97,0.48,0.03,-1,32.4,0.657,0
45:26.9,1,0.42,0.05,-1,32.4,0.659,0
45:27.0,0.95,0.4,0.04,-1,32.2,0.659,0
45:27.0,0.85,0.33,0.04,-1,32.4,0.666,0
45:27.0,0.81,0.3,0.06,-1,32.4,0.666,0
45:27.1,0.83,0.31,0.08,-1,32.2,0.673,0
45:27.1,0.92,0.35,0.1,-1,32.4,0.673,0
45:27.1,0.95,0.43,0.1,-1,32.4,0.673,0
45:27.2,0.98,0.46,0.12,-1,32.4,0.673,0
45:27.2,1.12,0.44,0.1,-1,32.4,0.676,0
45:27.2,1.29,0.46,0.15,-1,32.4,0.676,0
45:27.3,1.28,0.46,0.18,-1,32.4,0.68,0
45:27.3,1,0.46,0.2,-1,32.4,0.68,0
45:27.3,0.94,0.41,0.21,-1,32.4,0.68,0
45:27.3,1.07,0.39,0.19,-1,32.4,0.68,0
45:27.4,1.2,0.36,0.08,-1,32.4,0.68,0
45:27.4,1.12,0.32,0.04,-1,32.4,0.68,0
45:27.4,0.98,0.31,0.11,-1,32.4,0.68,0
45:27.5,0.88,0.25,0.14,-1,32.4,0.68,0
45:27.5,0.77,0.18,0.09,-1,32.4,0.68,0
45:27.5,0.69,0.15,0.09,-1,32.4,0.684,0
45:27.6,0.63,0.16,0.07,-1,32.4,0.68,0
45:27.6,0.57,0.24,0.05,-1,32.4,0.684,0
45:27.6,0.54,0.35,0,-1,32.4,0.684,0
45:27.7,0.55,0.53,-0.1,-1,32.4,0.687,0
45:27.7,0.61,0.76,-0.21,-1,32.4,0.687,0
45:27.7,0.67,0.89,-0.29,-1,32.4,0.694,0
45:27.8,0.73,0.98,-0.33,-1,32.4,0.701,0
45:27.8,0.75,0.92,-0.37,-1,32.2,0.705,0
45:27.8,0.77,0.91,-0.43,-1,32.4,0.705,0
45:27.8,0.78,0.94,-0.48,-1,32.2,0.708,0
45:27.9,0.82,0.93,-0.5,-1,32.2,0.708,0
45:27.9,0.78,0.91,-0.53,-1,32.4,0.708,0
45:27.9,0.76,0.91,-0.56,-1,32.4,0.708,0
45:28.0,0.78,0.79,-0.48,-1,32.4,0.708,0
45:28.0,0.83,0.83,-0.54,-1,32.4,0.708,0
45:28.0,0.87,0.78,-0.62,-1,32.4,0.708,0
45:28.1,0.85,0.66,-0.72,-1,32.2,0.712,0
45:28.1,0.75,0.55,-0.72,-1,32.4,0.712,0
45:28.1,0.67,0.43,-0.61,-1,32.4,0.712,0
45:28.2,0.58,0.19,-0.55,-1,32.4,0.715,0
45:28.2,0.48,0.2,-0.5,-1,32.4,0.715,0
45:28.2,0.43,0.21,-0.44,-1,32.4,0.715,0
45:28.3,0.36,0.18,-0.47,-1,32.4,0.715,0
45:28.3,0.28,0.15,-0.47,-1,32.4,0.715,0
45:28.3,0.21,0.19,-0.53,-1,32.4,0.715,0
45:28.3,0.21,0.28,-0.65,-1,32.4,0.715,0
45:28.4,0.25,0.3,-0.77,-1,32.4,0.715,0
45:28.4,0.26,0.35,-0.81,-1,32.4,0.715,0
45:28.4,0.25,0.45,-0.8,-1,32.4,0.715,0
45:28.5,0.24,0.49,-0.99,-1,32.4,0.715,0
45:28.5,0.27,0.51,-1.06,-1,32.4,0.722,0
45:28.5,0.26,0.53,-0.87,-1,32.4,0.722,0
45:28.6,0.27,0.6,-0.85,-1,32.4,0.722,0
45:28.6,0.28,0.56,-0.91,-1,32.2,0.722,0
45:28.6,0.24,0.58,-0.75,-1,32.4,0.722,0
45:28.7,0.16,0.51,-0.55,-1,32.4,0.722,0
45:28.7,0.04,0.42,-0.49,-1,32.4,0.722,0
45:28.7,-0.03,0.31,-0.43,-1,32.2,0.722,0
45:28.8,-0.08,0.26,-0.42,-1,32.4,0.722,0
45:28.8,-0.11,0.25,-0.53,-1,32.4,0.719,0
45:28.8,-0.13,0.25,-0.66,-1,32.4,0.719,0
45:28.8,-0.13,0.27,-0.78,-1,32.4,0.722,0
45:28.9,-0.08,0.35,-0.92,-1,32.4,0.719,0
45:28.9,-0.03,0.44,-1.04,-1,32.4,0.722,0
45:28.9,0.02,0.56,-1.19,-1,32.4,0.722,0
45:29.0,0.07,0.59,-1.35,-1,32.4,0.722,0
45:29.0,0.15,0.58,-1.32,-1,32.4,0.722,0
45:29.0,0.17,0.5,-1.16,-1,32.4,0.722,0
45:29.1,0.13,0.41,-1.1,-1,32.4,0.722,0
45:29.1,0.17,0.39,-1.11,-1,32.4,0.722,0
45:29.1,0.25,0.39,-1.06,-1,32.4,0.722,0
45:29.2,0.22,0.38,-0.91,-1,32.2,0.722,0
45:29.2,0.16,0.36,-0.69,-1,32.2,0.722,0
45:29.2,0.06,0.28,-0.52,-1,32.4,0.722,0
45:29.3,-0.01,0.27,-0.5,-1,32.2,0.719,0
45:29.3,-0.03,0.27,-0.54,-1,32.4,0.722,0
45:29.3,-0.01,0.26,-0.56,-1,32.4,0.722,0
45:29.3,0,0.29,-0.66,-1,32.4,0.719,0
45:29.4,0.01,0.32,-0.73,-1,32.4,0.722,0
45:29.4,0.03,0.36,-0.82,-1,32.2,0.722,0
45:29.4,0.08,0.39,-0.92,-1,32.4,0.722,0
45:29.5,0.09,0.4,-0.94,-1,32.4,0.722,0
45:29.5,0.06,0.46,-0.97,-1,32.2,0.726,0
45:29.5,0.03,0.52,-1.02,-1,32.4,0.729,0
45:29.6,0.01,0.54,-0.91,-1,32.4,0.729,0
45:29.6,0,0.52,-0.8,-1,32.4,0.736,0
45:29.6,-0.03,0.56,-0.79,-1,32.4,0.736,0
45:29.7,-0.04,0.54,-0.81,-1,32.4,0.736,0
45:29.7,-0.05,0.5,-0.74,-1,32.4,0.736,0
45:29.7,-0.07,0.44,-0.64,-1,32.4,0.743,0
45:29.8,-0.13,0.3,-0.54,-1,32.4,0.738,0
45:29.8,-0.18,0.23,-0.5,-1,32.4,0.746,0
45:29.8,-0.22,0.2,-0.51,-1,32.4,0.743,0
45:29.8,-0.23,0.21,-0.59,-1,32.4,0.75,0
45:29.9,-0.22,0.25,-0.69,-1,32.4,0.75,0
45:29.9,-0.2,0.31,-0.81,-1,32.4,0.75,0
45:29.9,-0.17,0.35,-0.88,-1,32.4,0.75,0
45:30.0,-0.13,0.43,-0.93,-1,32.4,0.75,0
45:30.0,-0.01,0.48,-1.17,-1,32.4,0.757,0
45:30.0,0.11,0.5,-1.21,-1,32.4,0.757,0
45:30.1,0.17,0.53,-1.17,-1,32.4,0.765,0
45:30.1,0.15,0.45,-1.09,-1,32.4,0.765,0
45:30.1,0.12,0.35,-1.09,-1,32.4,0.765,0
45:30.2,0.15,0.37,-1.01,-1,32.4,0.772,0
45:30.2,0.19,0.42,-0.94,-1,32.4,0.772,0
45:30.2,0.17,0.41,-0.8,-1,32.2,0.772,0
45:30.3,0.09,0.34,-0.64,-1,32.4,0.772,0
45:30.3,0,0.29,-0.57,-1,32.4,0.772,0
45:30.3,0,0.26,-0.57,-1,32.4,0.772,0
45:30.3,0.02,0.26,-0.55,-1,32.4,0.779,0
45:30.4,0.05,0.26,-0.56,-1,32.2,0.779,0
45:30.4,0.1,0.3,-0.63,-1,32.2,0.779,0
45:30.4,0.18,0.33,-0.74,-1,32.4,0.787,0
45:30.5,0.28,0.34,-0.88,-1,32.4,0.787,0
45:30.5,0.32,0.32,-0.89,-1,32.4,0.794,0
45:30.5,0.35,0.34,-1.02,-1,32.4,0.794,0
45:30.6,0.36,0.43,-1.23,-1,32.4,0.794,0
45:30.6,0.35,0.46,-1.24,-1,32.4,0.799,0
45:30.6,0.38,0.5,-1.18,-1,32.4,0.802,0
45:30.7,0.41,0.53,-1.1,-1,32.4,0.809,0
45:30.7,0.34,0.62,-0.94,-1,32.4,0.809,0
45:30.7,0.17,0.5,-0.73,-1,32.4,0.809,0
45:30.7,0.06,0.39,-0.59,-1,32.4,0.809,0
45:30.8,0.01,0.29,-0.49,-1,32.4,0.817,0
45:30.8,0.01,0.25,-0.5,-1,32.4,0.817,0
45:30.8,0.04,0.21,-0.53,-1,32.4,0.824,0
45:30.9,0.06,0.2,-0.65,-1,32.4,0.824,0
45:30.9,0.06,0.2,-0.74,-1,32.4,0.824,0
45:30.9,0.04,0.18,-0.73,-1,32.4,0.829,0
45:31.0,0.02,0.18,-0.73,-1,32.4,0.827,0
45:31.0,0.01,0.16,-0.75,-1,32.4,0.832,0
45:31.0,0.09,0.17,-0.74,-1,32.4,0.835,0
45:31.1,0.14,0.16,-0.76,-1,32.4,0.84,0
45:31.1,0.19,0.24,-0.84,-1,32.4,0.84,0
45:31.1,0.33,0.4,-1.28,-1,32.4,0.84,0
45:31.2,0.52,0.34,-1.23,-1,32.4,0.84,0
45:31.2,0.55,0.34,-1.12,-1,32.4,0.847,0
45:31.2,0.5,0.28,-1,-1,32.4,0.847,0
45:31.2,0.47,0.19,-0.81,-1,32.4,0.847,0
45:31.3,0.37,0.17,-0.79,-1,32.4,0.847,0
45:31.3,0.25,0.21,-0.92,-1,32.4,0.847,0
45:31.3,0.21,0.15,-1.06,-1,32.4,0.847,0
45:31.4,0.3,0.07,-1.14,-1,32.4,0.852,0
45:31.4,0.29,-0.04,-0.82,-1,32.2,0.847,0
45:31.4,0.15,0.11,-0.93,-1,32.4,0.847,0
45:31.5,0,0.06,-1.08,-1,32.2,0.852,0
45:31.5,-0.06,-0.01,-1.09,-1,32.4,0.847,0
45:31.5,-0.12,-0.06,-1,-1,32.4,0.847,0
45:31.6,-0.13,-0.05,-1.22,-1,32.4,0.847,0
45:31.6,-0.17,0.04,-1.01,-1,32.4,0.842,0
45:31.6,-0.19,0.05,-0.71,-1,32.4,0.842,0
45:31.7,-0.29,0.09,-0.76,-1,32.4,0.84,0
45:31.7,-0.41,0.03,-0.82,-1,32.2,0.84,0
45:31.7,-0.5,0.1,-0.75,-1,32.4,0.84,0
45:31.8,-0.59,0.25,-0.79,-1,32.4,0.84,0
45:31.8,-0.65,0.1,-0.76,-1,32.4,0.84,0
45:31.8,-0.69,0.16,-0.94,-1,32.4,0.84,0
45:31.8,-0.59,0.21,-1.14,-1,32.4,0.84,0
45:31.9,-0.51,0.21,-0.82,-1,32.4,0.84,0
45:31.9,-0.5,0.39,-0.75,-1,32.2,0.842,0
45:31.9,-0.47,0.37,-0.82,-1,32.4,0.847,0
45:32.0,-0.4,0.33,-0.69,-1,32.4,0.847,0
45:32.0,-0.31,0.26,-0.68,-1,32.4,0.847,0
45:32.0,-0.22,0.23,-0.74,-1,32.4,0.847,0
45:32.1,-0.19,0.22,-0.73,-1,32.4,0.847,0
45:32.1,-0.19,0.22,-0.88,-1,32.4,0.847,0
45:32.1,-0.19,0.25,-0.99,-1,32.4,0.847,0
45:32.2,-0.17,0.17,-0.86,-1,32.4,0.847,0
45:32.2,-0.31,0.33,-1.29,-1,32.4,0.847,0
45:32.2,-0.33,0.18,-0.63,-1,32.4,0.847,0
45:32.3,-0.3,0.35,-0.73,-1,32.4,0.847,0
45:32.3,-0.26,0.45,-0.8,-1,32.4,0.847,0
45:32.3,-0.21,0.45,-0.77,-1,32.4,0.847,0
45:32.3,-0.22,0.46,-0.78,-1,32.4,0.847,0
45:32.4,-0.19,0.43,-0.8,-1,32.4,0.847,0
45:32.4,-0.13,0.43,-0.81,-1,32.4,0.847,0
45:32.4,-0.13,0.45,-0.81,-1,32.4,0.847,0
45:32.5,-0.19,0.44,-0.78,-1,32.4,0.847,0
45:32.5,-0.23,0.5,-0.76,-1,32.4,0.847,0
45:32.5,-0.25,0.5,-0.76,-1,32.4,0.847,0
45:32.6,-0.23,0.5,-0.76,-1,32.4,0.847,0
45:32.6,-0.2,0.51,-0.77,-1,32.4,0.847,0
45:32.6,-0.18,0.47,-0.77,-1,32.4,0.847,0
45:32.7,-0.18,0.45,-0.77,-1,32.4,0.847,0
45:32.7,-0.2,0.45,-0.77,-1,32.2,0.847,0
45:32.7,-0.21,0.46,-0.76,-1,32.4,0.847,0
45:32.8,-0.22,0.47,-0.75,-1,32.4,0.847,0
45:32.8,-0.23,0.5,-0.77,-1,32.4,0.847,0
45:32.8,-0.22,0.5,-0.74,-1,32.4,0.847,0
45:32.8,-0.23,0.48,-0.74,-1,32.4,0.847,0
45:32.9,-0.24,0.51,-0.74,-1,32.4,0.847,0
45:32.9,-0.24,0.5,-0.74,-1,32.4,0.847,0
45:32.9,-0.23,0.5,-0.74,-1,32.2,0.847,0
45:33.0,-0.23,0.5,-0.74,-1,32.4,0.847,0
45:33.0,-0.24,0.49,-0.74,-1,32.4,0.852,0
45:33.0,-0.24,0.49,-0.74,-1,32.4,0.852,0
45:33.1,-0.23,0.5,-0.74,-1,32.4,0.852,0
45:33.1,-0.23,0.5,-0.74,-1,32.4,0.852,0
45:33.1,-0.24,0.51,-0.74,-1,32.4,0.847,0
45:33.2,-0.24,0.5,-0.73,-1,32.4,0.847,0
45:33.2,-0.24,0.5,-0.73,-1,32.4,0.847,0
45:33.2,-0.24,0.48,-0.72,-1,32.2,0.847,0
45:33.3,-0.25,0.5,-0.73,-1,32.4,0.847,0
45:33.3,-0.24,0.5,-0.74,-1,32.4,0.847,0
45:33.3,-0.24,0.5,-0.73,-1,32.4,0.847,0
45:33.3,-0.24,0.5,-0.72,-1,32.2,0.847,0
45:33.4,-0.25,0.5,-0.73,-1,32.4,0.847,0
45:33.4,-0.25,0.51,-0.73,-1,32.4,0.847,0
45:33.4,-0.25,0.5,-0.73,-1,32.4,0.847,0
45:33.5,-0.25,0.5,-0.73,-1,32.2,0.847,0
45:33.5,-0.24,0.5,-0.73,-1,32.4,0.847,0
45:33.5,-0.25,0.5,-0.73,-1,32.4,0.842,0
45:33.6,-0.26,0.5,-0.73,-1,32.4,0.84,0
45:33.6,-0.24,0.51,-0.74,-1,32.4,0.84,0
45:33.6,-0.24,0.5,-0.73,-1,32.4,0.84,0
45:33.7,-0.24,0.5,-0.73,-1,32.4,0.84,0
45:33.7,-0.24,0.5,-0.73,-1,32.4,0.84,0
45:33.7,-0.25,0.5,-0.73,-1,32.4,0.84,0
45:33.8,-0.25,0.51,-0.73,-1,32.2,0.835,0
45:33.8,-0.25,0.5,-0.73,-1,32.4,0.832,0
45:33.8,-0.25,0.52,-0.73,-1,32.2,0.832,0
45:33.8,-0.24,0.5,-0.72,-1,32.4,0.832,0
45:33.9,-0.25,0.51,-0.73,-1,32.4,0.832,0
45:33.9,-0.25,0.51,-0.73,-1,32.4,0.832,0
45:33.9,-0.25,0.5,-0.72,-1,32.4,0.829,0
45:34.0,-0.25,0.5,-0.72,-1,32.4,0.829,0
45:34.0,-0.24,0.51,-0.72,-1,32.4,0.829,0
45:34.0,-0.25,0.5,-0.72,-1,32.4,0.824,0
45:34.1,-0.24,0.5,-0.73,-1,32.4,0.824,0
45:34.1,-0.23,0.51,-0.73,-1,32.4,0.824,0
45:34.1,-0.23,0.5,-0.73,-1,32.4,0.824,0
45:34.2,-0.23,0.52,-0.73,-1,32.2,0.824,0
45:34.2,-0.23,0.52,-0.73,-1,32.4,0.824,0
45:34.2,-0.23,0.51,-0.72,-1,32.4,0.824,0
45:34.3,-0.23,0.51,-0.72,-1,32.2,0.824,0
45:34.3,-0.23,0.53,-0.73,-1,32.4,0.824,0
45:34.3,-0.23,0.52,-0.73,-1,32.4,0.824,0
45:34.3,-0.22,0.52,-0.72,-1,32.2,0.824,0
45:34.4,-0.23,0.52,-0.72,-1,32.4,0.824,0
45:34.4,-0.23,0.52,-0.71,-1,32.4,0.824,0
45:34.4,-0.23,0.53,-0.73,-1,32.2,0.824,0
45:34.5,-0.22,0.54,-0.73,-1,32.4,0.824,0
45:34.5,-0.22,0.52,-0.72,-1,32.4,0.824,0
45:34.5,-0.22,0.53,-0.73,-1,32.4,0.824,0
45:34.6,-0.22,0.53,-0.73,-1,32.4,0.824,0
45:34.6,-0.22,0.53,-0.72,-1,32.2,0.824,0
45:34.6,-0.22,0.52,-0.72,-1,32.4,0.824,0
45:34.7,-0.22,0.53,-0.72,-1,32.4,0.824,0
45:34.7,-0.22,0.53,-0.72,-1,32.4,0.824,0
45:34.7,-0.22,0.53,-0.72,-1,32.4,0.819,0
45:34.8,-0.22,0.53,-0.71,-1,32.4,0.824,0
45:34.8,-0.22,0.52,-0.72,-1,32.4,0.824,0
45:34.8,-0.22,0.52,-0.72,-1,32.4,0.819,0
45:34.8,-0.22,0.52,-0.72,-1,32.4,0.819,0
45:34.9,-0.22,0.52,-0.72,-1,32.2,0.817,0
45:34.9,-0.22,0.52,-0.72,-1,32.4,0.824,0
45:34.9,-0.23,0.52,-0.72,-1,32.4,0.819,0
45:35.0,-0.22,0.52,-0.72,-1,32.2,0.817,0
45:35.0,-0.22,0.52,-0.72,-1,32.4,0.819,0
45:35.0,-0.22,0.53,-0.72,-1,32.4,0.817,0
45:35.1,-0.23,0.52,-0.72,-1,32.4,0.817,0
45:35.1,-0.23,0.52,-0.72,-1,32.4,0.817,0
45:35.1,-0.22,0.52,-0.72,-1,32.4,0.817,0
45:35.2,-0.24,0.52,-0.73,-1,32.4,0.817,0
45:35.2,-0.23,0.52,-0.73,-1,32.4,0.817,0
45:35.2,-0.23,0.51,-0.71,-1,32.4,0.817,0
45:35.2,-0.23,0.52,-0.72,-1,32.4,0.817,0
45:35.3,-0.23,0.52,-0.73,-1,32.2,0.814,0
45:35.3,-0.23,0.52,-0.73,-1,32.2,0.814,0
45:35.3,-0.23,0.52,-0.72,-1,32.4,0.809,0
45:35.4,-0.23,0.51,-0.72,-1,32.4,0.809,0
45:35.4,-0.23,0.53,-0.72,-1,32.4,0.814,0
45:35.4,-0.23,0.52,-0.72,-1,32.4,0.809,0
45:35.5,-0.24,0.52,-0.73,-1,32.4,0.809,0
45:35.5,-0.24,0.51,-0.72,-1,32.4,0.809,0
45:35.5,-0.23,0.52,-0.73,-1,32.4,0.809,0
45:35.6,-0.23,0.52,-0.72,-1,32.4,0.809,0
45:35.6,-0.23,0.51,-0.72,-1,32.4,0.809,0
45:35.6,-0.24,0.51,-0.73,-1,32.4,0.806,0
45:35.7,-0.24,0.51,-0.72,-1,32.4,0.809,0
45:35.7,-0.24,0.52,-0.72,-1,32.4,0.809,0
45:35.7,-0.23,0.52,-0.73,-1,32.4,0.809,0
45:35.7,-0.24,0.5,-0.72,-1,32.4,0.809,0
45:35.8,-0.24,0.52,-0.73,-1,32.4,0.809,0
45:35.8,-0.24,0.52,-0.73,-1,32.4,0.809,0
45:35.8,-0.23,0.52,-0.72,-1,32.4,0.809,0
45:35.9,-0.24,0.51,-0.72,-1,32.4,0.809,0
45:35.9,-0.23,0.52,-0.72,-1,32.4,0.809,0
45:35.9,-0.23,0.52,-0.72,-1,32.2,0.817,0
45:36.0,-0.23,0.51,-0.72,-1,32.4,0.817,0
45:36.0,-0.23,0.51,-0.72,-1,32.4,0.817,0
45:36.0,-0.24,0.52,-0.72,-1,32.4,0.824,0
45:36.1,-0.23,0.51,-0.72,-1,32.4,0.824,0
45:36.1,-0.24,0.52,-0.72,-1,32.4,0.824,0
45:36.1,-0.24,0.52,-0.72,-1,32.4,0.829,0
45:36.2,-0.24,0.52,-0.72,-1,32.4,0.832,0
45:36.2,-0.23,0.52,-0.72,-1,32.4,0.832,0
45:36.2,-0.23,0.52,-0.71,-1,32.4,0.837,0
45:36.3,-0.24,0.52,-0.72,-1,32.4,0.84,0
45:36.3,-0.23,0.52,-0.72,-1,32.4,0.842,0
45:36.3,-0.22,0.5,-0.67,-1,32.4,0.847,0
45:36.3,-0.22,0.53,-0.73,-1,32.4,0.847,0
45:36.4,-0.23,0.52,-0.73,-1,32.4,0.847,0
45:36.4,-0.22,0.53,-0.71,-1,32.4,0.852,0
45:36.4,-0.23,0.52,-0.72,-1,32.4,0.855,0
45:36.5,-0.24,0.51,-0.73,-1,32.2,0.858,0
45:36.5,-0.23,0.52,-0.72,-1,32.4,0.863,0
45:36.5,-0.23,0.52,-0.72,-1,32.4,0.871,0
45:36.6,-0.23,0.51,-0.71,-1,32.4,0.871,0
45:36.6,-0.23,0.51,-0.72,-1,32.4,0.871,0
45:36.6,-0.23,0.52,-0.72,-1,32.2,0.876,0
45:36.7,-0.23,0.52,-0.72,-1,32.4,0.879,0
45:36.7,-0.23,0.51,-0.72,-1,32.4,0.879,0
45:36.7,-0.23,0.52,-0.72,-1,32.4,0.887,0
45:36.8,-0.23,0.52,-0.72,-1,32.4,0.887,0
45:36.8,-0.23,0.52,-0.72,-1,32.4,0.889,0
45:36.8,-0.23,0.52,-0.72,-1,32.4,0.895,0
45:36.8,-0.23,0.52,-0.73,-1,32.2,0.895,0
45:36.9,-0.23,0.51,-0.73,-1,32.2,0.897,0
45:36.9,-0.23,0.53,-0.71,-1,32.2,0.903,0
45:36.9,-0.23,0.53,-0.71,-1,32.4,0.903,0
45:37.0,-0.23,0.53,-0.71,-1,32.4,0.903,0
45:37.0,-0.23,0.52,-0.72,-1,32.4,0.903,0
45:37.0,-0.23,0.53,-0.73,-1,32.4,0.911,0
45:37.1,-0.23,0.52,-0.72,-1,32.2,0.911,0
45:37.1,-0.23,0.52,-0.71,-1,32.4,0.916,0
45:37.1,-0.23,0.52,-0.71,-1,32.4,0.916,0
45:37.2,-0.22,0.53,-0.72,-1,32.4,0.919,0
45:37.2,-0.23,0.52,-0.72,-1,32.4,0.919,0
45:37.2,-0.23,0.53,-0.71,-1,32.4,0.919,0
45:37.3,-0.23,0.52,-0.72,-1,32.4,0.922,0
45:37.3,-0.23,0.52,-0.72,-1,32.4,0.922,0
45:37.3,-0.23,0.52,-0.72,-1,32.4,0.927,0
45:37.3,-0.22,0.53,-0.71,-1,32.4,0.927,0
45:37.4,-0.23,0.53,-0.71,-1,32.4,0.927,0
45:37.4,-0.23,0.53,-0.71,-1,32.4,0.927,0
45:37.4,-0.23,0.53,-0.7,-1,32.4,0.927,0
45:37.5,-0.24,0.54,-0.71,-1,32.4,0.927,0
45:37.5,-0.23,0.53,-0.7,-1,32.2,0.932,0
45:37.5,-0.23,0.53,-0.7,-1,32.2,0.932,0
45:37.6,-0.23,0.54,-0.7,-1,32.4,0.932,0
45:37.6,-0.23,0.54,-0.71,-1,32.4,0.935,0
45:37.6,-0.24,0.54,-0.71,-1,32.4,0.935,0
45:37.7,-0.23,0.54,-0.71,-1,32.2,0.935,0
45:37.7,-0.23,0.53,-0.71,-1,32.4,0.935,0
45:37.7,-0.21,0.55,-0.72,-1,32.6,0.938,0
45:37.8,-0.23,0.53,-0.7,-1,32.6,0.932,0
45:37.8,-0.23,0.53,-0.71,-1,32.6,0.932,0
45:37.8,-0.24,0.53,-0.71,-1,32.6,0.932,0
45:37.8,-0.24,0.52,-0.71,-1,32.6,0.927,0
45:37.9,-0.23,0.54,-0.73,-1,32.6,0.927,0
45:37.9,-0.24,0.53,-0.7,-1,32.6,0.927,0
45:37.9,-0.24,0.53,-0.71,-1,32.6,0.927,0
45:38.0,-0.24,0.52,-0.71,-1,32.6,0.927,0
45:38.0,-0.25,0.53,-0.72,-1,32.6,0.927,0
45:38.0,-0.25,0.52,-0.71,-1,32.6,0.927,0
45:38.1,-0.24,0.52,-0.72,-1,32.6,0.927,0
45:38.1,-0.24,0.52,-0.71,-1,32.6,0.927,0
45:38.1,-0.25,0.53,-0.71,-1,32.6,0.927,0
45:38.2,-0.25,0.53,-0.71,-1,32.6,0.927,0
45:38.2,-0.25,0.52,-0.69,-1,32.6,0.922,0
45:38.2,-0.25,0.52,-0.71,-1,32.6,0.919,0
45:38.3,-0.25,0.52,-0.7,-1,32.4,0.919,0
45:38.3,-0.25,0.52,-0.7,-1,32.6,0.916,0
45:38.3,-0.25,0.52,-0.7,-1,32.2,0.911,0
45:38.3,-0.25,0.53,-0.71,-1,32.4,0.913,0
45:38.4,-0.25,0.53,-0.71,-1,32.4,0.911,0
45:38.4,-0.25,0.53,-0.72,-1,32.4,0.911,0
45:38.4,-0.24,0.52,-0.72,-1,32.4,0.903,0
45:38.5,-0.24,0.52,-0.72,-1,32.4,0.908,0
45:38.5,-0.25,0.52,-0.72,-1,32.4,0.903,0
45:38.5,-0.25,0.52,-0.72,-1,32.4,0.903,0
45:38.6,-0.24,0.52,-0.72,-1,32.4,0.903,0
45:38.6,-0.25,0.53,-0.71,-1,32.4,0.903,0
45:38.6,-0.25,0.53,-0.71,-1,32.4,0.903,0
45:38.7,-0.25,0.52,-0.71,-1,32.4,0.897,0
45:38.7,-0.25,0.52,-0.72,-1,32.4,0.897,0
45:38.7,-0.24,0.53,-0.72,-1,32.4,0.897,0
45:38.8,-0.24,0.53,-0.72,-1,32.4,0.897,0
45:38.8,-0.25,0.52,-0.71,-1,32.4,0.895,0
45:38.8,-0.24,0.52,-0.7,-1,32.4,0.895,0
45:38.8,-0.25,0.52,-0.71,-1,32.4,0.895,0
45:38.9,-0.25,0.53,-0.71,-1,32.4,0.895,0
45:38.9,-0.25,0.52,-0.7,-1,32.4,0.895,0
45:38.9,-0.25,0.52,-0.71,-1,32.4,0.895,0
45:39.0,-0.24,0.52,-0.71,-1,32.4,0.895,0
45:39.0,-0.24,0.53,-0.71,-1,32.4,0.895,0
45:39.0,-0.24,0.52,-0.71,-1,32.4,0.895,0
45:39.1,-0.24,0.52,-0.71,-1,32.2,0.892,0
45:39.1,-0.24,0.53,-0.72,-1,32.4,0.887,0
45:39.1,-0.24,0.53,-0.71,-1,32.4,0.887,0
45:39.2,-0.24,0.54,-0.71,-1,32.4,0.887,0
45:39.2,-0.25,0.54,-0.71,-1,32.4,0.887,0
45:39.2,-0.24,0.53,-0.71,-1,32.4,0.887,0
45:39.3,-0.24,0.53,-0.71,-1,32.4,0.887,0
45:39.3,-0.24,0.53,-0.72,-1,32.4,0.887,0
45:39.3,-0.25,0.53,-0.71,-1,32.4,0.884,0
45:39.3,-0.24,0.53,-0.71,-1,32.4,0.887,0
45:39.4,-0.24,0.53,-0.71,-1,32.4,0.887,0
45:39.4,-0.24,0.53,-0.7,-1,32.4,0.884,0
45:39.4,-0.24,0.53,-0.71,-1,32.4,0.884,0
45:39.5,-0.24,0.53,-0.71,-1,32.4,0.884,0
45:39.5,-0.24,0.53,-0.71,-1,32.4,0.879,0
45:39.5,-0.25,0.53,-0.72,-1,32.4,0.879,0
45:39.6,-0.23,0.53,-0.71,-1,32.4,0.884,0
45:39.6,-0.24,0.52,-0.7,-1,32.4,0.879,0
45:39.6,-0.24,0.53,-0.71,-1,32.4,0.879,0
45:39.7,-0.25,0.52,-0.71,-1,32.4,0.879,0
45:39.7,-0.25,0.53,-0.71,-1,32.4,0.879,0
45:39.7,-0.25,0.51,-0.71,-1,32.4,0.879,0
45:39.8,-0.24,0.49,-0.72,-1,32.4,0.879,0
45:39.8,-0.27,0.48,-0.72,-1,32.4,0.887,0
45:39.8,-0.24,0.59,-0.68,-1,32.4,0.892,0
45:39.8,-0.22,0.62,-0.69,-1,32.4,0.887,0
45:39.9,-0.23,0.53,-0.7,-1,32.4,0.887,0
45:39.9,-0.23,0.52,-0.7,-1,32.4,0.887,0
45:39.9,-0.23,0.5,-0.72,-1,32.4,0.889,0
45:40.0,-0.23,0.55,-0.7,-1,32.4,0.889,0
45:40.0,-0.24,0.57,-0.7,-1,32.4,0.895,0
45:40.0,-0.25,0.54,-0.7,-1,32.4,0.895,0
45:40.1,-0.24,0.52,-0.7,-1,32.4,0.895,0
45:40.1,-0.24,0.54,-0.7,-1,32.4,0.895,0
45:40.1,-0.23,0.55,-0.7,-1,32.4,0.895,0
45:40.2,-0.22,0.55,-0.69,-1,32.4,0.895,0
45:40.2,-0.23,0.55,-0.69,-1,32.4,0.895,0
45:40.2,-0.23,0.56,-0.69,-1,32.4,0.895,0
45:40.2,-0.23,0.55,-0.69,-1,32.4,0.895,0
45:40.3,-0.22,0.57,-0.68,-1,32.4,0.895,0
45:40.3,-0.22,0.56,-0.68,-1,32.4,0.895,0
45:40.3,-0.22,0.57,-0.68,-1,32.4,0.895,0
45:40.4,-0.21,0.6,-0.66,-1,32.4,0.895,0
45:40.4,-0.21,0.6,-0.66,-1,32.4,0.895,0
45:40.4,-0.21,0.6,-0.65,-1,32.4,0.895,0
45:40.5,-0.2,0.61,-0.64,-1,32.4,0.895,0
45:40.5,-0.2,0.6,-0.65,-1,32.4,0.895,0
45:40.5,-0.17,0.68,-0.67,-1,32.4,0.895,0
45:40.6,-0.21,0.64,-0.61,-1,32.4,0.895,0
45:40.6,-0.19,0.65,-0.62,-1,32.4,0.895,0
45:40.6,-0.18,0.66,-0.6,-1,32.4,0.895,0
45:40.7,-0.17,0.64,-0.61,-1,32.2,0.895,0
45:40.7,-0.17,0.63,-0.63,-1,32.4,0.895,0
45:40.7,-0.13,0.63,-0.6,-1,32.4,0.895,0
45:40.7,-0.09,0.65,-0.61,-1,32.4,0.895,0
45:40.8,-0.19,0.67,-0.61,-1,32.4,0.895,0
45:40.8,-0.2,0.67,-0.58,-1,32.4,0.895,0
45:40.8,-0.16,0.67,-0.59,-1,32.4,0.895,0
45:40.9,-0.13,0.68,-0.6,-1,32.4,0.895,0
45:40.9,-0.12,0.67,-0.6,-1,32.4,0.895,0
45:40.9,-0.13,0.68,-0.59,-1,32.4,0.895,0
45:41.0,-0.15,0.67,-0.59,-1,32.2,0.895,0
45:41.0,-0.16,0.68,-0.58,-1,32.4,0.895,0
45:41.0,-0.16,0.71,-0.56,-1,32.4,0.895,0
